method_name,dataset_name,train_id,ap_0.5,train_cell_num
cellpose-cyto2,cellpose_specialized,0,0.8260134919123217,90
cellpose-cyto2,cellpose_specialized,1,0.8121679018844258,93
cellpose-cyto2,cellpose_specialized,10,0.8613387454639782,68
cellpose-cyto2,cellpose_specialized,11,0.8217436237768694,94
cellpose-cyto2,cellpose_specialized,12,0.711770199239254,124
cellpose-cyto2,cellpose_specialized,13,0.8246595317667181,84
cellpose-cyto2,cellpose_specialized,14,0.8402539166537198,88
cellpose-cyto2,cellpose_specialized,15,0.780771789225665,146
cellpose-cyto2,cellpose_specialized,16,0.8528864979743958,149
cellpose-cyto2,cellpose_specialized,17,0.8070623197338798,90
cellpose-cyto2,cellpose_specialized,18,0.826044575734572,96
cellpose-cyto2,cellpose_specialized,19,0.8042704354632985,90
cellpose-cyto2,cellpose_specialized,2,0.8111236095428467,76
cellpose-cyto2,cellpose_specialized,20,0.8759479305960916,115
cellpose-cyto2,cellpose_specialized,21,0.85849590735002,98
cellpose-cyto2,cellpose_specialized,22,0.8667880296707153,33
cellpose-cyto2,cellpose_specialized,23,0.8556578647006642,75
cellpose-cyto2,cellpose_specialized,24,0.8336546095934781,49
cellpose-cyto2,cellpose_specialized,25,0.8541491736065258,62
cellpose-cyto2,cellpose_specialized,26,0.8648302826014432,48
cellpose-cyto2,cellpose_specialized,27,0.8601347804069519,45
cellpose-cyto2,cellpose_specialized,28,0.8085470714352347,55
cellpose-cyto2,cellpose_specialized,29,0.8572337410666726,119
cellpose-cyto2,cellpose_specialized,3,0.7715769870714708,95
cellpose-cyto2,cellpose_specialized,30,0.849077744917436,77
cellpose-cyto2,cellpose_specialized,31,0.8554703484882008,35
cellpose-cyto2,cellpose_specialized,32,0.8846529884771868,58
cellpose-cyto2,cellpose_specialized,33,0.8416728214784102,54
cellpose-cyto2,cellpose_specialized,34,0.8656961376016791,42
cellpose-cyto2,cellpose_specialized,35,0.871966611255299,40
cellpose-cyto2,cellpose_specialized,36,0.8299888399514285,30
cellpose-cyto2,cellpose_specialized,37,0.8309964808550748,46
cellpose-cyto2,cellpose_specialized,38,0.868615285916762,34
cellpose-cyto2,cellpose_specialized,39,0.8464149290865118,111
cellpose-cyto2,cellpose_specialized,4,0.7996002930131826,97
cellpose-cyto2,cellpose_specialized,40,0.8729063055732034,50
cellpose-cyto2,cellpose_specialized,41,0.8270651047879999,63
cellpose-cyto2,cellpose_specialized,42,0.8185635209083557,99
cellpose-cyto2,cellpose_specialized,43,0.8289323151111603,118
cellpose-cyto2,cellpose_specialized,44,0.8341937390240756,72
cellpose-cyto2,cellpose_specialized,45,0.8073471676219593,52
cellpose-cyto2,cellpose_specialized,46,0.8390729318965565,25
cellpose-cyto2,cellpose_specialized,47,0.8255410356955095,23
cellpose-cyto2,cellpose_specialized,48,0.8232287601991133,27
cellpose-cyto2,cellpose_specialized,49,0.853912050073797,13
cellpose-cyto2,cellpose_specialized,5,0.8006259528073397,124
cellpose-cyto2,cellpose_specialized,50,0.8150720758871599,27
cellpose-cyto2,cellpose_specialized,51,0.8025517517870123,6
cellpose-cyto2,cellpose_specialized,52,0.8256766579367898,22
cellpose-cyto2,cellpose_specialized,53,0.7873307249762795,5
cellpose-cyto2,cellpose_specialized,54,0.8456659696318887,11
cellpose-cyto2,cellpose_specialized,55,0.8245247114788402,27
cellpose-cyto2,cellpose_specialized,56,0.8222251534461975,25
cellpose-cyto2,cellpose_specialized,57,0.8386933857744391,40
cellpose-cyto2,cellpose_specialized,58,0.8349896181713451,17
cellpose-cyto2,cellpose_specialized,59,0.8039920330047607,16
cellpose-cyto2,cellpose_specialized,6,0.8520686788992449,65
cellpose-cyto2,cellpose_specialized,60,0.8263247825882651,16
cellpose-cyto2,cellpose_specialized,61,0.807395263151689,8
cellpose-cyto2,cellpose_specialized,62,0.8102888248183511,31
cellpose-cyto2,cellpose_specialized,63,0.8473658019846136,21
cellpose-cyto2,cellpose_specialized,64,0.8495055978948419,16
cellpose-cyto2,cellpose_specialized,65,0.8580213351683184,61
cellpose-cyto2,cellpose_specialized,66,0.8029032024470243,10
cellpose-cyto2,cellpose_specialized,67,0.8353820768269625,10
cellpose-cyto2,cellpose_specialized,68,0.873350278897719,24
cellpose-cyto2,cellpose_specialized,69,0.8556820045817982,16
cellpose-cyto2,cellpose_specialized,7,0.7610592516985807,151
cellpose-cyto2,cellpose_specialized,70,0.815674673427235,37
cellpose-cyto2,cellpose_specialized,71,0.8107972795313055,23
cellpose-cyto2,cellpose_specialized,72,0.8555834130807356,10
cellpose-cyto2,cellpose_specialized,73,0.829711523923007,59
cellpose-cyto2,cellpose_specialized,74,0.8193929574706338,15
cellpose-cyto2,cellpose_specialized,75,0.885952044617046,17
cellpose-cyto2,cellpose_specialized,76,0.8289084326137196,34
cellpose-cyto2,cellpose_specialized,77,0.845961099321192,32
cellpose-cyto2,cellpose_specialized,78,0.8540631370110945,20
cellpose-cyto2,cellpose_specialized,79,0.8582123734734275,49
cellpose-cyto2,cellpose_specialized,8,0.8206008726900275,77
cellpose-cyto2,cellpose_specialized,80,0.8404462770982222,31
cellpose-cyto2,cellpose_specialized,81,0.8250936215574091,22
cellpose-cyto2,cellpose_specialized,82,0.8247808434746482,14
cellpose-cyto2,cellpose_specialized,83,0.8473677851937034,28
cellpose-cyto2,cellpose_specialized,84,0.8126339695670388,9
cellpose-cyto2,cellpose_specialized,85,0.7998450967398557,32
cellpose-cyto2,cellpose_specialized,86,0.8323353691534563,22
cellpose-cyto2,cellpose_specialized,87,0.8419255397536538,27
cellpose-cyto2,cellpose_specialized,88,0.8615592013705861,23
cellpose-cyto2,cellpose_specialized,9,0.8096771917559884,123
cellpose-cyto2,cellseg_blood,0,0.6735211397920337,11
cellpose-cyto2,cellseg_blood,1,0.6397299596241542,6
cellpose-cyto2,cellseg_blood,10,0.6122523141758782,19
cellpose-cyto2,cellseg_blood,100,0.7363503405026027,18
cellpose-cyto2,cellseg_blood,101,0.6094254787479129,16
cellpose-cyto2,cellseg_blood,102,0.5915259399584362,12
cellpose-cyto2,cellseg_blood,103,0.635771951505116,27
cellpose-cyto2,cellseg_blood,104,0.7496718168258667,14
cellpose-cyto2,cellseg_blood,105,0.5325797562088285,11
cellpose-cyto2,cellseg_blood,106,0.7144080357892173,16
cellpose-cyto2,cellseg_blood,107,0.6244243340832847,10
cellpose-cyto2,cellseg_blood,108,0.6532350906303951,15
cellpose-cyto2,cellseg_blood,109,0.6712832025119236,12
cellpose-cyto2,cellseg_blood,11,0.5786840404782977,15
cellpose-cyto2,cellseg_blood,110,0.6520038907017026,11
cellpose-cyto2,cellseg_blood,111,0.6427052233900342,20
cellpose-cyto2,cellseg_blood,112,0.5613211052758353,10
cellpose-cyto2,cellseg_blood,113,0.3831354486090795,20
cellpose-cyto2,cellseg_blood,114,0.425634639603751,11
cellpose-cyto2,cellseg_blood,115,0.7111827560833522,11
cellpose-cyto2,cellseg_blood,116,0.5969320748533521,15
cellpose-cyto2,cellseg_blood,117,0.4774871851716722,12
cellpose-cyto2,cellseg_blood,118,0.2411312349140643,17
cellpose-cyto2,cellseg_blood,119,0.6114702033145087,17
cellpose-cyto2,cellseg_blood,12,0.5608745919806617,20
cellpose-cyto2,cellseg_blood,120,0.6587477539266858,31
cellpose-cyto2,cellseg_blood,121,0.7048351956265313,22
cellpose-cyto2,cellseg_blood,122,0.6351018377712795,16
cellpose-cyto2,cellseg_blood,123,0.2927287476403372,9
cellpose-cyto2,cellseg_blood,124,0.2592352516949177,10
cellpose-cyto2,cellseg_blood,125,0.6251509317329952,12
cellpose-cyto2,cellseg_blood,126,0.6353866394077029,13
cellpose-cyto2,cellseg_blood,127,0.5775060696261269,27
cellpose-cyto2,cellseg_blood,128,0.6297228293759483,16
cellpose-cyto2,cellseg_blood,129,0.565488623721259,16
cellpose-cyto2,cellseg_blood,13,0.3762900387602193,16
cellpose-cyto2,cellseg_blood,130,0.7018788797514779,29
cellpose-cyto2,cellseg_blood,131,0.5664007333772523,13
cellpose-cyto2,cellseg_blood,132,0.4249905369111469,5
cellpose-cyto2,cellseg_blood,133,0.3211751256936362,9
cellpose-cyto2,cellseg_blood,134,0.1273987224059445,5
cellpose-cyto2,cellseg_blood,135,0.547515732901437,16
cellpose-cyto2,cellseg_blood,136,0.6631071695259639,18
cellpose-cyto2,cellseg_blood,137,0.2555258226181779,11
cellpose-cyto2,cellseg_blood,138,0.409691463623728,5
cellpose-cyto2,cellseg_blood,14,0.4704183457153184,7
cellpose-cyto2,cellseg_blood,15,0.5625561624765396,21
cellpose-cyto2,cellseg_blood,16,0.3955752508980887,14
cellpose-cyto2,cellseg_blood,17,0.4616178795695305,18
cellpose-cyto2,cellseg_blood,18,0.4676133532609258,16
cellpose-cyto2,cellseg_blood,19,0.4738121506358896,12
cellpose-cyto2,cellseg_blood,2,0.6005071508032935,8
cellpose-cyto2,cellseg_blood,20,0.6422872224024364,25
cellpose-cyto2,cellseg_blood,21,0.6322531231812069,15
cellpose-cyto2,cellseg_blood,22,0.6236697786620685,22
cellpose-cyto2,cellseg_blood,23,0.6335653832980565,29
cellpose-cyto2,cellseg_blood,24,0.6443606402192797,15
cellpose-cyto2,cellseg_blood,25,0.6045819350651332,25
cellpose-cyto2,cellseg_blood,26,0.0195085092314651,3
cellpose-cyto2,cellseg_blood,27,0.5379730846200671,11
cellpose-cyto2,cellseg_blood,28,0.5606898665428162,17
cellpose-cyto2,cellseg_blood,29,0.5094412096909114,26
cellpose-cyto2,cellseg_blood,3,0.6296655493123191,10
cellpose-cyto2,cellseg_blood,30,0.5964363196066448,10
cellpose-cyto2,cellseg_blood,31,0.614600311432566,24
cellpose-cyto2,cellseg_blood,32,0.4508495501109532,16
cellpose-cyto2,cellseg_blood,33,0.3656050078570843,5
cellpose-cyto2,cellseg_blood,34,0.4855108048234667,18
cellpose-cyto2,cellseg_blood,35,0.5918153290237699,26
cellpose-cyto2,cellseg_blood,36,0.422236189778362,29
cellpose-cyto2,cellseg_blood,37,0.5994717755487987,11
cellpose-cyto2,cellseg_blood,38,0.4730127932769911,21
cellpose-cyto2,cellseg_blood,39,0.4355803462011473,12
cellpose-cyto2,cellseg_blood,4,0.4967227642025266,12
cellpose-cyto2,cellseg_blood,40,0.5543222278356552,17
cellpose-cyto2,cellseg_blood,41,0.5659018733671733,19
cellpose-cyto2,cellseg_blood,42,0.6053473300167492,7
cellpose-cyto2,cellseg_blood,43,0.4532809321369443,22
cellpose-cyto2,cellseg_blood,44,0.6083333854164396,26
cellpose-cyto2,cellseg_blood,45,0.500705885035651,11
cellpose-cyto2,cellseg_blood,46,0.7192082532814571,18
cellpose-cyto2,cellseg_blood,47,0.7402553813798087,16
cellpose-cyto2,cellseg_blood,48,0.4859873695032937,18
cellpose-cyto2,cellseg_blood,49,0.6887074027742658,31
cellpose-cyto2,cellseg_blood,5,0.3833147478955133,11
cellpose-cyto2,cellseg_blood,50,0.5859695885862622,21
cellpose-cyto2,cellseg_blood,51,0.5113751313516072,18
cellpose-cyto2,cellseg_blood,52,0.7108036002942494,18
cellpose-cyto2,cellseg_blood,53,0.4373024542416845,14
cellpose-cyto2,cellseg_blood,54,0.5562853408711297,9
cellpose-cyto2,cellseg_blood,55,0.5338198712893895,19
cellpose-cyto2,cellseg_blood,56,0.5990328533308846,24
cellpose-cyto2,cellseg_blood,57,0.4990229063800403,9
cellpose-cyto2,cellseg_blood,58,0.5285497020397868,16
cellpose-cyto2,cellseg_blood,59,0.5213887808578355,20
cellpose-cyto2,cellseg_blood,6,0.477307025875364,19
cellpose-cyto2,cellseg_blood,60,0.5325325493301664,25
cellpose-cyto2,cellseg_blood,61,0.5204931731734957,19
cellpose-cyto2,cellseg_blood,62,0.4253431643758501,20
cellpose-cyto2,cellseg_blood,63,0.6116270976407188,19
cellpose-cyto2,cellseg_blood,64,0.628099398953574,12
cellpose-cyto2,cellseg_blood,65,0.6810726459537234,28
cellpose-cyto2,cellseg_blood,66,0.6753638578312737,27
cellpose-cyto2,cellseg_blood,67,0.2577402546469654,18
cellpose-cyto2,cellseg_blood,68,0.5860007575580052,15
cellpose-cyto2,cellseg_blood,69,0.1742046257214886,8
cellpose-cyto2,cellseg_blood,7,0.3105431273579597,8
cellpose-cyto2,cellseg_blood,70,0.5008930840662548,15
cellpose-cyto2,cellseg_blood,71,0.0445269499240176,6
cellpose-cyto2,cellseg_blood,72,0.2332369027925389,22
cellpose-cyto2,cellseg_blood,73,0.5262324171406882,26
cellpose-cyto2,cellseg_blood,74,0.5004111698695591,18
cellpose-cyto2,cellseg_blood,75,0.5709815451077053,19
cellpose-cyto2,cellseg_blood,76,0.5497081343616758,11
cellpose-cyto2,cellseg_blood,77,0.2913570875035865,13
cellpose-cyto2,cellseg_blood,78,0.719871061188834,25
cellpose-cyto2,cellseg_blood,79,0.7902785411902836,27
cellpose-cyto2,cellseg_blood,8,0.4849846703665597,14
cellpose-cyto2,cellseg_blood,80,0.6997950034482139,10
cellpose-cyto2,cellseg_blood,81,0.8520050346851349,25
cellpose-cyto2,cellseg_blood,82,0.7574527178491864,16
cellpose-cyto2,cellseg_blood,83,0.7530553128038134,24
cellpose-cyto2,cellseg_blood,84,0.8041727457727704,25
cellpose-cyto2,cellseg_blood,85,0.5497919310416494,7
cellpose-cyto2,cellseg_blood,86,0.5128166537199702,6
cellpose-cyto2,cellseg_blood,87,0.3083022497594356,3
cellpose-cyto2,cellseg_blood,88,0.611793977873666,21
cellpose-cyto2,cellseg_blood,89,0.593485523547445,24
cellpose-cyto2,cellseg_blood,9,0.586360439658165,17
cellpose-cyto2,cellseg_blood,90,0.6482262675251279,11
cellpose-cyto2,cellseg_blood,91,0.7323988931519645,9
cellpose-cyto2,cellseg_blood,92,0.663692267877715,12
cellpose-cyto2,cellseg_blood,93,0.4173625569258417,6
cellpose-cyto2,cellseg_blood,94,0.7404374565396991,13
cellpose-cyto2,cellseg_blood,95,0.6002822369337082,13
cellpose-cyto2,cellseg_blood,96,0.6085226535797119,17
cellpose-cyto2,cellseg_blood,97,0.5750907829829625,20
cellpose-cyto2,cellseg_blood,98,0.6560663197721753,16
cellpose-cyto2,cellseg_blood,99,0.6085463272673743,14
cellpose-cyto2,deepbacs_rod_brightfield,0,0.3087217127283413,68
cellpose-cyto2,deepbacs_rod_brightfield,1,0.1971126029888788,85
cellpose-cyto2,deepbacs_rod_brightfield,10,0.654886664946874,135
cellpose-cyto2,deepbacs_rod_brightfield,11,0.0,43
cellpose-cyto2,deepbacs_rod_brightfield,12,0.1009517973288893,58
cellpose-cyto2,deepbacs_rod_brightfield,13,0.4509379376967748,78
cellpose-cyto2,deepbacs_rod_brightfield,14,0.7128914356231689,90
cellpose-cyto2,deepbacs_rod_brightfield,15,0.3242452412843704,69
cellpose-cyto2,deepbacs_rod_brightfield,16,0.1014635510742664,54
cellpose-cyto2,deepbacs_rod_brightfield,17,0.3690514018138249,93
cellpose-cyto2,deepbacs_rod_brightfield,18,0.4038651973009109,106
cellpose-cyto2,deepbacs_rod_brightfield,2,0.1655879604319731,52
cellpose-cyto2,deepbacs_rod_brightfield,3,0.428429905573527,96
cellpose-cyto2,deepbacs_rod_brightfield,4,0.4837973833084106,68
cellpose-cyto2,deepbacs_rod_brightfield,5,0.2070888126889864,63
cellpose-cyto2,deepbacs_rod_brightfield,6,0.3981126298507054,76
cellpose-cyto2,deepbacs_rod_brightfield,7,0.382878515124321,78
cellpose-cyto2,deepbacs_rod_brightfield,8,0.4520767976840337,98
cellpose-cyto2,deepbacs_rod_brightfield,9,0.6110440055529277,124
cellpose-cyto2,deepbacs_rod_fluorescence,0,0.3977928027976304,28
cellpose-cyto2,deepbacs_rod_fluorescence,1,0.7106790214776992,116
cellpose-cyto2,deepbacs_rod_fluorescence,10,0.7592092454433441,118
cellpose-cyto2,deepbacs_rod_fluorescence,11,0.3557715645059943,32
cellpose-cyto2,deepbacs_rod_fluorescence,12,0.8201671659946441,146
cellpose-cyto2,deepbacs_rod_fluorescence,13,0.362567151337862,24
cellpose-cyto2,deepbacs_rod_fluorescence,14,0.5965962991118431,28
cellpose-cyto2,deepbacs_rod_fluorescence,15,0.6745430342853069,28
cellpose-cyto2,deepbacs_rod_fluorescence,16,0.7124090477824211,33
cellpose-cyto2,deepbacs_rod_fluorescence,17,0.7235322825610637,41
cellpose-cyto2,deepbacs_rod_fluorescence,18,0.6701206192374229,53
cellpose-cyto2,deepbacs_rod_fluorescence,19,0.764314490556717,58
cellpose-cyto2,deepbacs_rod_fluorescence,2,0.4076746188104153,23
cellpose-cyto2,deepbacs_rod_fluorescence,20,0.7629522204399108,67
cellpose-cyto2,deepbacs_rod_fluorescence,21,0.5797923654317856,84
cellpose-cyto2,deepbacs_rod_fluorescence,22,0.4873755443841219,36
cellpose-cyto2,deepbacs_rod_fluorescence,23,0.6904933869838714,100
cellpose-cyto2,deepbacs_rod_fluorescence,24,0.2276571661233902,21
cellpose-cyto2,deepbacs_rod_fluorescence,25,0.2556156206876039,27
cellpose-cyto2,deepbacs_rod_fluorescence,26,0.3179082289338112,31
cellpose-cyto2,deepbacs_rod_fluorescence,27,0.6156039845664054,35
cellpose-cyto2,deepbacs_rod_fluorescence,28,0.5786432903259993,46
cellpose-cyto2,deepbacs_rod_fluorescence,29,0.5921736717224121,59
cellpose-cyto2,deepbacs_rod_fluorescence,3,0.2903355665504932,29
cellpose-cyto2,deepbacs_rod_fluorescence,30,0.6067293733358383,78
cellpose-cyto2,deepbacs_rod_fluorescence,31,0.6319454491138459,96
cellpose-cyto2,deepbacs_rod_fluorescence,32,0.7774675369262696,117
cellpose-cyto2,deepbacs_rod_fluorescence,33,0.628595407679677,39
cellpose-cyto2,deepbacs_rod_fluorescence,34,0.7702306926250457,150
cellpose-cyto2,deepbacs_rod_fluorescence,35,0.3634526081383228,13
cellpose-cyto2,deepbacs_rod_fluorescence,36,0.4859440394677222,16
cellpose-cyto2,deepbacs_rod_fluorescence,37,0.0,23
cellpose-cyto2,deepbacs_rod_fluorescence,38,0.2228983962908386,25
cellpose-cyto2,deepbacs_rod_fluorescence,39,0.6144604459637776,32
cellpose-cyto2,deepbacs_rod_fluorescence,4,0.5196313158608973,36
cellpose-cyto2,deepbacs_rod_fluorescence,40,0.6186666693771258,38
cellpose-cyto2,deepbacs_rod_fluorescence,41,0.5981410153210163,42
cellpose-cyto2,deepbacs_rod_fluorescence,42,0.6258092686533928,50
cellpose-cyto2,deepbacs_rod_fluorescence,43,0.7311524420976638,68
cellpose-cyto2,deepbacs_rod_fluorescence,44,0.5413814216852189,43
cellpose-cyto2,deepbacs_rod_fluorescence,45,0.783335417509079,80
cellpose-cyto2,deepbacs_rod_fluorescence,46,0.4137345872819423,21
cellpose-cyto2,deepbacs_rod_fluorescence,47,0.347752595692873,25
cellpose-cyto2,deepbacs_rod_fluorescence,48,0.5701248032506555,28
cellpose-cyto2,deepbacs_rod_fluorescence,49,0.5164166246075184,34
cellpose-cyto2,deepbacs_rod_fluorescence,5,0.6072072573006153,48
cellpose-cyto2,deepbacs_rod_fluorescence,50,0.5942023456096649,45
cellpose-cyto2,deepbacs_rod_fluorescence,51,0.4297347199171781,53
cellpose-cyto2,deepbacs_rod_fluorescence,52,0.5913457486778497,63
cellpose-cyto2,deepbacs_rod_fluorescence,53,0.5908600017428398,73
cellpose-cyto2,deepbacs_rod_fluorescence,54,0.6895090378820896,87
cellpose-cyto2,deepbacs_rod_fluorescence,55,0.6368663735687733,50
cellpose-cyto2,deepbacs_rod_fluorescence,56,0.6442189171910286,104
cellpose-cyto2,deepbacs_rod_fluorescence,57,0.3638990208506584,19
cellpose-cyto2,deepbacs_rod_fluorescence,58,0.5051603872328997,23
cellpose-cyto2,deepbacs_rod_fluorescence,59,0.4799918666481971,26
cellpose-cyto2,deepbacs_rod_fluorescence,6,0.7489265009760857,53
cellpose-cyto2,deepbacs_rod_fluorescence,60,0.6180947611108423,32
cellpose-cyto2,deepbacs_rod_fluorescence,61,0.7090055406093597,37
cellpose-cyto2,deepbacs_rod_fluorescence,62,0.7252255544066429,48
cellpose-cyto2,deepbacs_rod_fluorescence,63,0.6824763029813766,61
cellpose-cyto2,deepbacs_rod_fluorescence,64,0.498466745018959,74
cellpose-cyto2,deepbacs_rod_fluorescence,65,0.7116013795137406,94
cellpose-cyto2,deepbacs_rod_fluorescence,66,0.7358432590961457,60
cellpose-cyto2,deepbacs_rod_fluorescence,67,0.7902229607105256,112
cellpose-cyto2,deepbacs_rod_fluorescence,68,0.4406503140926361,16
cellpose-cyto2,deepbacs_rod_fluorescence,69,0.5751774042844773,18
cellpose-cyto2,deepbacs_rod_fluorescence,7,0.6962869897484779,63
cellpose-cyto2,deepbacs_rod_fluorescence,70,0.4853506281971931,22
cellpose-cyto2,deepbacs_rod_fluorescence,71,0.3814295382471755,29
cellpose-cyto2,deepbacs_rod_fluorescence,72,0.5533916175365448,33
cellpose-cyto2,deepbacs_rod_fluorescence,73,0.5950290203094483,37
cellpose-cyto2,deepbacs_rod_fluorescence,74,0.7013055607676506,47
cellpose-cyto2,deepbacs_rod_fluorescence,75,0.7049726501107216,58
cellpose-cyto2,deepbacs_rod_fluorescence,76,0.8328503787517547,65
cellpose-cyto2,deepbacs_rod_fluorescence,77,0.7506198287010193,72
cellpose-cyto2,deepbacs_rod_fluorescence,78,0.7233226895332336,72
cellpose-cyto2,deepbacs_rod_fluorescence,79,0.7339059799909592,91
cellpose-cyto2,deepbacs_rod_fluorescence,8,0.7992127895355224,72
cellpose-cyto2,deepbacs_rod_fluorescence,9,0.7393910914659501,97
cellpose-cyto2,dsb2018_stardist,0,0.809696723818779,27
cellpose-cyto2,dsb2018_stardist,104,0.4092920511960983,21
cellpose-cyto2,dsb2018_stardist,111,0.7928407210111618,138
cellpose-cyto2,dsb2018_stardist,113,0.8088661563396454,24
cellpose-cyto2,dsb2018_stardist,122,0.7981487965583801,133
cellpose-cyto2,dsb2018_stardist,124,0.5949945118278265,16
cellpose-cyto2,dsb2018_stardist,128,0.8191000509262085,70
cellpose-cyto2,dsb2018_stardist,132,0.7325469508767128,23
cellpose-cyto2,dsb2018_stardist,133,0.710707103908062,79
cellpose-cyto2,dsb2018_stardist,144,0.4815825405716896,8
cellpose-cyto2,dsb2018_stardist,147,0.435200282074511,25
cellpose-cyto2,dsb2018_stardist,149,0.2415092414245009,65
cellpose-cyto2,dsb2018_stardist,154,0.740008465051651,18
cellpose-cyto2,dsb2018_stardist,155,0.5803032287955284,49
cellpose-cyto2,dsb2018_stardist,158,0.703481168448925,27
cellpose-cyto2,dsb2018_stardist,161,0.8287078678607941,36
cellpose-cyto2,dsb2018_stardist,162,0.8055146044492721,31
cellpose-cyto2,dsb2018_stardist,163,0.8029536056518555,32
cellpose-cyto2,dsb2018_stardist,166,0.7467044895887375,16
cellpose-cyto2,dsb2018_stardist,169,0.4004428835213184,19
cellpose-cyto2,dsb2018_stardist,170,0.2930870021507143,27
cellpose-cyto2,dsb2018_stardist,181,0.7211239445209503,25
cellpose-cyto2,dsb2018_stardist,183,0.785340479016304,20
cellpose-cyto2,dsb2018_stardist,197,0.8147360950708389,206
cellpose-cyto2,dsb2018_stardist,20,0.4137202576175332,28
cellpose-cyto2,dsb2018_stardist,204,0.3096408748440444,35
cellpose-cyto2,dsb2018_stardist,207,0.8103267526626587,44
cellpose-cyto2,dsb2018_stardist,215,0.6957183414697647,49
cellpose-cyto2,dsb2018_stardist,222,0.8098224347829819,36
cellpose-cyto2,dsb2018_stardist,226,0.8153427213430404,20
cellpose-cyto2,dsb2018_stardist,227,0.7478331032395363,20
cellpose-cyto2,dsb2018_stardist,229,0.4606838889047503,10
cellpose-cyto2,dsb2018_stardist,241,0.2051694354973733,9
cellpose-cyto2,dsb2018_stardist,244,0.4643346409872174,12
cellpose-cyto2,dsb2018_stardist,248,0.7657205659151077,147
cellpose-cyto2,dsb2018_stardist,250,0.8159054952859879,168
cellpose-cyto2,dsb2018_stardist,252,0.4161222501099109,15
cellpose-cyto2,dsb2018_stardist,258,0.4589224932715297,132
cellpose-cyto2,dsb2018_stardist,260,0.2523347038030624,20
cellpose-cyto2,dsb2018_stardist,261,0.7855591243505478,44
cellpose-cyto2,dsb2018_stardist,266,0.4122181884944439,42
cellpose-cyto2,dsb2018_stardist,272,0.7327319276332855,31
cellpose-cyto2,dsb2018_stardist,276,0.7980111026763916,53
cellpose-cyto2,dsb2018_stardist,278,0.5851696240901947,10
cellpose-cyto2,dsb2018_stardist,280,0.4032411271706223,10
cellpose-cyto2,dsb2018_stardist,282,0.8109719288349152,124
cellpose-cyto2,dsb2018_stardist,286,0.7582430607080459,65
cellpose-cyto2,dsb2018_stardist,290,0.8071168780326843,141
cellpose-cyto2,dsb2018_stardist,294,0.6868808096647263,23
cellpose-cyto2,dsb2018_stardist,298,0.4619062255322933,22
cellpose-cyto2,dsb2018_stardist,300,0.8206262505054474,29
cellpose-cyto2,dsb2018_stardist,305,0.4572358315065503,24
cellpose-cyto2,dsb2018_stardist,308,0.4085036558657884,17
cellpose-cyto2,dsb2018_stardist,31,0.1882420093379914,10
cellpose-cyto2,dsb2018_stardist,312,0.405974793639034,16
cellpose-cyto2,dsb2018_stardist,313,0.8471333181858063,90
cellpose-cyto2,dsb2018_stardist,316,0.5186640805751085,21
cellpose-cyto2,dsb2018_stardist,32,0.4354432590305805,17
cellpose-cyto2,dsb2018_stardist,320,0.8448824381828308,27
cellpose-cyto2,dsb2018_stardist,327,0.3369735609786585,17
cellpose-cyto2,dsb2018_stardist,342,0.7205887818336487,52
cellpose-cyto2,dsb2018_stardist,350,0.2691089321393519,58
cellpose-cyto2,dsb2018_stardist,360,0.2879940090328455,12
cellpose-cyto2,dsb2018_stardist,361,0.4025736408680677,10
cellpose-cyto2,dsb2018_stardist,363,0.3460254846513271,8
cellpose-cyto2,dsb2018_stardist,368,0.8385824716091156,28
cellpose-cyto2,dsb2018_stardist,37,0.4561331424862146,11
cellpose-cyto2,dsb2018_stardist,372,0.7675595426559448,29
cellpose-cyto2,dsb2018_stardist,373,0.3203711453685537,24
cellpose-cyto2,dsb2018_stardist,385,0.1080864628683775,30
cellpose-cyto2,dsb2018_stardist,386,0.7799199223518372,21
cellpose-cyto2,dsb2018_stardist,388,0.5303351691737771,80
cellpose-cyto2,dsb2018_stardist,391,0.1161309570260345,21
cellpose-cyto2,dsb2018_stardist,396,0.6111567315459251,29
cellpose-cyto2,dsb2018_stardist,401,0.5097938633710146,11
cellpose-cyto2,dsb2018_stardist,402,0.8134731990098953,150
cellpose-cyto2,dsb2018_stardist,403,0.4674095442891121,47
cellpose-cyto2,dsb2018_stardist,409,0.8373337179422379,120
cellpose-cyto2,dsb2018_stardist,41,0.6734998570382595,157
cellpose-cyto2,dsb2018_stardist,414,0.7885009211301803,28
cellpose-cyto2,dsb2018_stardist,415,0.4679969351738691,12
cellpose-cyto2,dsb2018_stardist,419,0.4169483508169651,9
cellpose-cyto2,dsb2018_stardist,421,0.7654144316911697,47
cellpose-cyto2,dsb2018_stardist,424,0.4630442319437861,12
cellpose-cyto2,dsb2018_stardist,430,0.3720459289848804,11
cellpose-cyto2,dsb2018_stardist,432,0.7962674450874329,57
cellpose-cyto2,dsb2018_stardist,435,0.8272696834802628,25
cellpose-cyto2,dsb2018_stardist,446,0.3698525847122073,13
cellpose-cyto2,dsb2018_stardist,46,0.6322488847374916,23
cellpose-cyto2,dsb2018_stardist,47,0.3549963387101889,66
cellpose-cyto2,dsb2018_stardist,48,0.8072925299406052,136
cellpose-cyto2,dsb2018_stardist,50,0.3578105335310101,14
cellpose-cyto2,dsb2018_stardist,51,0.4909305476769805,10
cellpose-cyto2,dsb2018_stardist,55,0.8170643001794815,31
cellpose-cyto2,dsb2018_stardist,63,0.5303904354572296,54
cellpose-cyto2,dsb2018_stardist,7,0.6687668471038342,17
cellpose-cyto2,dsb2018_stardist,71,0.8249907612800598,22
cellpose-cyto2,dsb2018_stardist,72,0.1278343104757368,55
cellpose-cyto2,dsb2018_stardist,75,0.399766300600022,11
cellpose-cyto2,dsb2018_stardist,97,0.5704735229164362,51
cellpose-scratch,cellpose_specialized,0,0.8000383377075195,90
cellpose-scratch,cellpose_specialized,1,0.7226313203573227,93
cellpose-scratch,cellpose_specialized,10,0.779505041512576,68
cellpose-scratch,cellpose_specialized,11,0.7762992598793723,94
cellpose-scratch,cellpose_specialized,12,0.741581835530021,124
cellpose-scratch,cellpose_specialized,13,0.7481842880899255,84
cellpose-scratch,cellpose_specialized,14,0.7434468377720226,88
cellpose-scratch,cellpose_specialized,15,0.7252229343761097,146
cellpose-scratch,cellpose_specialized,16,0.7651231830770319,149
cellpose-scratch,cellpose_specialized,17,0.7737815217538313,90
cellpose-scratch,cellpose_specialized,18,0.7033468024297194,96
cellpose-scratch,cellpose_specialized,19,0.7012575241652402,90
cellpose-scratch,cellpose_specialized,2,0.7735489850694482,76
cellpose-scratch,cellpose_specialized,20,0.7643647627397017,115
cellpose-scratch,cellpose_specialized,21,0.788158657875928,98
cellpose-scratch,cellpose_specialized,22,0.7740299539132551,33
cellpose-scratch,cellpose_specialized,23,0.773776197975332,75
cellpose-scratch,cellpose_specialized,24,0.7452798174186186,49
cellpose-scratch,cellpose_specialized,25,0.7716148942708969,62
cellpose-scratch,cellpose_specialized,26,0.7540280195799741,48
cellpose-scratch,cellpose_specialized,27,0.7552645937962965,45
cellpose-scratch,cellpose_specialized,28,0.729105337776921,55
cellpose-scratch,cellpose_specialized,29,0.7749165296554565,119
cellpose-scratch,cellpose_specialized,3,0.6833457432009957,95
cellpose-scratch,cellpose_specialized,30,0.77209810777144,77
cellpose-scratch,cellpose_specialized,31,0.7621735009280118,35
cellpose-scratch,cellpose_specialized,32,0.8003538034178994,58
cellpose-scratch,cellpose_specialized,33,0.8080728433348916,54
cellpose-scratch,cellpose_specialized,34,0.7668206881393086,42
cellpose-scratch,cellpose_specialized,35,0.8382181416858326,40
cellpose-scratch,cellpose_specialized,36,0.7151319845156237,30
cellpose-scratch,cellpose_specialized,37,0.732151750813831,46
cellpose-scratch,cellpose_specialized,38,0.7097514732317491,34
cellpose-scratch,cellpose_specialized,39,0.6637002250010317,111
cellpose-scratch,cellpose_specialized,4,0.7473479590632699,97
cellpose-scratch,cellpose_specialized,40,0.7931822430003773,50
cellpose-scratch,cellpose_specialized,41,0.7657530226490714,63
cellpose-scratch,cellpose_specialized,42,0.7527416727759622,99
cellpose-scratch,cellpose_specialized,43,0.7478182749314741,118
cellpose-scratch,cellpose_specialized,44,0.7980239879001271,72
cellpose-scratch,cellpose_specialized,45,0.7477102631872351,52
cellpose-scratch,cellpose_specialized,46,0.756409455429424,25
cellpose-scratch,cellpose_specialized,47,0.7389293638142672,23
cellpose-scratch,cellpose_specialized,48,0.6839489178224043,27
cellpose-scratch,cellpose_specialized,49,0.6846387223763899,13
cellpose-scratch,cellpose_specialized,5,0.7571982064030387,124
cellpose-scratch,cellpose_specialized,50,0.7203593525019559,27
cellpose-scratch,cellpose_specialized,51,0.5432452017610724,6
cellpose-scratch,cellpose_specialized,52,0.7421306913549249,22
cellpose-scratch,cellpose_specialized,53,0.2648685286668213,5
cellpose-scratch,cellpose_specialized,54,0.7687157880176197,11
cellpose-scratch,cellpose_specialized,55,0.7291514819318597,27
cellpose-scratch,cellpose_specialized,56,0.747512314807285,25
cellpose-scratch,cellpose_specialized,57,0.6892425797202371,40
cellpose-scratch,cellpose_specialized,58,0.7495124936103821,17
cellpose-scratch,cellpose_specialized,59,0.6818602599880912,16
cellpose-scratch,cellpose_specialized,6,0.7329558188265021,65
cellpose-scratch,cellpose_specialized,60,0.698968917131424,16
cellpose-scratch,cellpose_specialized,61,0.4731872217221693,8
cellpose-scratch,cellpose_specialized,62,0.6752495142546567,31
cellpose-scratch,cellpose_specialized,63,0.6580897163261067,21
cellpose-scratch,cellpose_specialized,64,0.6802571795203469,16
cellpose-scratch,cellpose_specialized,65,0.7973794449459423,61
cellpose-scratch,cellpose_specialized,66,0.440590194680474,10
cellpose-scratch,cellpose_specialized,67,0.6339323710311543,10
cellpose-scratch,cellpose_specialized,68,0.7411155592311512,24
cellpose-scratch,cellpose_specialized,69,0.7603563991459933,16
cellpose-scratch,cellpose_specialized,7,0.5922626907175238,151
cellpose-scratch,cellpose_specialized,70,0.667251242832704,37
cellpose-scratch,cellpose_specialized,71,0.771030301397497,23
cellpose-scratch,cellpose_specialized,72,0.6410257111896168,10
cellpose-scratch,cellpose_specialized,73,0.7439679449254816,59
cellpose-scratch,cellpose_specialized,74,0.6835071336139332,15
cellpose-scratch,cellpose_specialized,75,0.7831666957248341,17
cellpose-scratch,cellpose_specialized,76,0.7495596625588157,34
cellpose-scratch,cellpose_specialized,77,0.7779429609125311,32
cellpose-scratch,cellpose_specialized,78,0.7655302394520153,20
cellpose-scratch,cellpose_specialized,79,0.8093557086857882,49
cellpose-scratch,cellpose_specialized,8,0.7647452056407928,77
cellpose-scratch,cellpose_specialized,80,0.750688374042511,31
cellpose-scratch,cellpose_specialized,81,0.7516808672384783,22
cellpose-scratch,cellpose_specialized,82,0.521651872179725,14
cellpose-scratch,cellpose_specialized,83,0.798043278130618,28
cellpose-scratch,cellpose_specialized,84,0.4707029407674616,9
cellpose-scratch,cellpose_specialized,85,0.7376211556521329,32
cellpose-scratch,cellpose_specialized,86,0.7519213503057306,22
cellpose-scratch,cellpose_specialized,87,0.7087527296759866,27
cellpose-scratch,cellpose_specialized,88,0.7824568504636938,23
cellpose-scratch,cellpose_specialized,9,0.7478287816047668,123
cellpose-scratch,cellseg_blood,0,0.5242984933512551,11
cellpose-scratch,cellseg_blood,1,0.0770268442907503,6
cellpose-scratch,cellseg_blood,10,0.4250171557068825,19
cellpose-scratch,cellseg_blood,100,0.5158056744507381,18
cellpose-scratch,cellseg_blood,101,0.4372915348836353,16
cellpose-scratch,cellseg_blood,102,0.2029225310044629,12
cellpose-scratch,cellseg_blood,103,0.3590237913387162,27
cellpose-scratch,cellseg_blood,104,0.194193325670702,14
cellpose-scratch,cellseg_blood,105,0.0345383012401206,11
cellpose-scratch,cellseg_blood,106,0.5889136344194412,16
cellpose-scratch,cellseg_blood,107,0.2731690662247794,10
cellpose-scratch,cellseg_blood,108,0.3386046481984002,15
cellpose-scratch,cellseg_blood,109,0.5129811699901309,12
cellpose-scratch,cellseg_blood,11,0.4941747263073921,15
cellpose-scratch,cellseg_blood,110,0.5112537922603744,11
cellpose-scratch,cellseg_blood,111,0.2826628669032028,20
cellpose-scratch,cellseg_blood,112,0.3402313526187624,10
cellpose-scratch,cellseg_blood,113,0.2692617156675884,20
cellpose-scratch,cellseg_blood,114,0.3040237703493663,11
cellpose-scratch,cellseg_blood,115,0.6622468552419117,11
cellpose-scratch,cellseg_blood,116,0.2798601229275976,15
cellpose-scratch,cellseg_blood,117,0.417022841317313,12
cellpose-scratch,cellseg_blood,118,0.2955509211335863,17
cellpose-scratch,cellseg_blood,119,0.3192265837320259,17
cellpose-scratch,cellseg_blood,12,0.519850349852017,20
cellpose-scratch,cellseg_blood,120,0.2860226934509618,31
cellpose-scratch,cellseg_blood,121,0.413953386247158,22
cellpose-scratch,cellseg_blood,122,0.3034603617021015,16
cellpose-scratch,cellseg_blood,123,0.01810103907649,9
cellpose-scratch,cellseg_blood,124,0.0810953092628291,10
cellpose-scratch,cellseg_blood,125,0.4057467909795897,12
cellpose-scratch,cellseg_blood,126,0.4289957582950592,13
cellpose-scratch,cellseg_blood,127,0.3551161917192595,27
cellpose-scratch,cellseg_blood,128,0.3153430109045335,16
cellpose-scratch,cellseg_blood,129,0.23170517145523,16
cellpose-scratch,cellseg_blood,13,0.2504662589303084,16
cellpose-scratch,cellseg_blood,130,0.3636358524007456,29
cellpose-scratch,cellseg_blood,131,0.3124843955572162,13
cellpose-scratch,cellseg_blood,132,0.0084154353077922,5
cellpose-scratch,cellseg_blood,133,0.2951578753335135,9
cellpose-scratch,cellseg_blood,134,0.0271672778097646,5
cellpose-scratch,cellseg_blood,135,0.531256666140897,16
cellpose-scratch,cellseg_blood,136,0.4792394877544471,18
cellpose-scratch,cellseg_blood,137,0.1448715820110269,11
cellpose-scratch,cellseg_blood,138,0.0613601533696055,5
cellpose-scratch,cellseg_blood,14,0.246784748243434,7
cellpose-scratch,cellseg_blood,15,0.4692013029541288,21
cellpose-scratch,cellseg_blood,16,0.188753888543163,14
cellpose-scratch,cellseg_blood,17,0.1820271909236907,18
cellpose-scratch,cellseg_blood,18,0.1910746036363499,16
cellpose-scratch,cellseg_blood,19,0.2445498380277837,12
cellpose-scratch,cellseg_blood,2,0.2093783015651362,8
cellpose-scratch,cellseg_blood,20,0.4702095517090389,25
cellpose-scratch,cellseg_blood,21,0.4095815962978771,15
cellpose-scratch,cellseg_blood,22,0.6311220484120506,22
cellpose-scratch,cellseg_blood,23,0.4748056530952453,29
cellpose-scratch,cellseg_blood,24,0.4051270447671413,15
cellpose-scratch,cellseg_blood,25,0.4047697045441185,25
cellpose-scratch,cellseg_blood,26,0.0,3
cellpose-scratch,cellseg_blood,27,0.4255359582602978,11
cellpose-scratch,cellseg_blood,28,0.4503688530198165,17
cellpose-scratch,cellseg_blood,29,0.5835555493831635,26
cellpose-scratch,cellseg_blood,3,0.4859874216573579,10
cellpose-scratch,cellseg_blood,30,0.2533028362584965,10
cellpose-scratch,cellseg_blood,31,0.4329361476536308,24
cellpose-scratch,cellseg_blood,32,0.4977668012891497,16
cellpose-scratch,cellseg_blood,33,0.0854614162817597,5
cellpose-scratch,cellseg_blood,34,0.1496617275157144,18
cellpose-scratch,cellseg_blood,35,0.6180481953280312,26
cellpose-scratch,cellseg_blood,36,0.1902468191193682,29
cellpose-scratch,cellseg_blood,37,0.2605394337858472,11
cellpose-scratch,cellseg_blood,38,0.4206654003688267,21
cellpose-scratch,cellseg_blood,39,0.1718752863151686,12
cellpose-scratch,cellseg_blood,4,0.2393522239955408,12
cellpose-scratch,cellseg_blood,40,0.3650617812361036,17
cellpose-scratch,cellseg_blood,41,0.3562220686248371,19
cellpose-scratch,cellseg_blood,42,0.4457372575998306,7
cellpose-scratch,cellseg_blood,43,0.3725847218717847,22
cellpose-scratch,cellseg_blood,44,0.4563606690083231,26
cellpose-scratch,cellseg_blood,45,0.2393700823720012,11
cellpose-scratch,cellseg_blood,46,0.5864293234688895,18
cellpose-scratch,cellseg_blood,47,0.6346376708575657,16
cellpose-scratch,cellseg_blood,48,0.5195393988064357,18
cellpose-scratch,cellseg_blood,49,0.5019889750650951,31
cellpose-scratch,cellseg_blood,5,0.2453967512452176,11
cellpose-scratch,cellseg_blood,50,0.3213926899646009,21
cellpose-scratch,cellseg_blood,51,0.2728205788880586,18
cellpose-scratch,cellseg_blood,52,0.4668093398213386,18
cellpose-scratch,cellseg_blood,53,0.1624018930430923,14
cellpose-scratch,cellseg_blood,54,0.2702927365899085,9
cellpose-scratch,cellseg_blood,55,0.4022621762539659,19
cellpose-scratch,cellseg_blood,56,0.4128381503479821,24
cellpose-scratch,cellseg_blood,57,0.4734803661704063,9
cellpose-scratch,cellseg_blood,58,0.3647189129676138,16
cellpose-scratch,cellseg_blood,59,0.3316202759742737,20
cellpose-scratch,cellseg_blood,6,0.3033659045717546,19
cellpose-scratch,cellseg_blood,60,0.4545980095863342,25
cellpose-scratch,cellseg_blood,61,0.21641285185303,19
cellpose-scratch,cellseg_blood,62,0.3336995406342404,20
cellpose-scratch,cellseg_blood,63,0.4120369777083397,19
cellpose-scratch,cellseg_blood,64,0.2284905780106782,12
cellpose-scratch,cellseg_blood,65,0.5842097869941166,28
cellpose-scratch,cellseg_blood,66,0.2442866712808609,27
cellpose-scratch,cellseg_blood,67,0.1572624224105051,18
cellpose-scratch,cellseg_blood,68,0.456396321100848,15
cellpose-scratch,cellseg_blood,69,0.0308661033798541,8
cellpose-scratch,cellseg_blood,7,0.1347921341657638,8
cellpose-scratch,cellseg_blood,70,0.3313921104584421,15
cellpose-scratch,cellseg_blood,71,0.0,6
cellpose-scratch,cellseg_blood,72,0.0998173171122158,22
cellpose-scratch,cellseg_blood,73,0.2618915481226784,26
cellpose-scratch,cellseg_blood,74,0.4921183596764292,18
cellpose-scratch,cellseg_blood,75,0.3219460451177188,19
cellpose-scratch,cellseg_blood,76,0.4047353629555021,11
cellpose-scratch,cellseg_blood,77,0.1985265256038733,13
cellpose-scratch,cellseg_blood,78,0.5955227485724858,25
cellpose-scratch,cellseg_blood,79,0.7306558234351022,27
cellpose-scratch,cellseg_blood,8,0.2560523550159164,14
cellpose-scratch,cellseg_blood,80,0.5649972558021545,10
cellpose-scratch,cellseg_blood,81,0.7651442076478686,25
cellpose-scratch,cellseg_blood,82,0.4580965084689004,16
cellpose-scratch,cellseg_blood,83,0.5984222601566996,24
cellpose-scratch,cellseg_blood,84,0.7392259346587318,25
cellpose-scratch,cellseg_blood,85,0.0651476698528442,7
cellpose-scratch,cellseg_blood,86,0.1301547860992806,6
cellpose-scratch,cellseg_blood,87,0.0102813855877944,3
cellpose-scratch,cellseg_blood,88,0.5919838973454067,21
cellpose-scratch,cellseg_blood,89,0.3380086602909223,24
cellpose-scratch,cellseg_blood,9,0.4294493493757078,17
cellpose-scratch,cellseg_blood,90,0.4109878912568092,11
cellpose-scratch,cellseg_blood,91,0.4714744495494025,9
cellpose-scratch,cellseg_blood,92,0.3309596606663295,12
cellpose-scratch,cellseg_blood,93,0.1329115178169948,6
cellpose-scratch,cellseg_blood,94,0.4641115085354873,13
cellpose-scratch,cellseg_blood,95,0.3547807548727308,13
cellpose-scratch,cellseg_blood,96,0.5916373218808856,17
cellpose-scratch,cellseg_blood,97,0.2701922548668725,20
cellpose-scratch,cellseg_blood,98,0.5819740082536425,16
cellpose-scratch,cellseg_blood,99,0.1697480505598442,14
cellpose-scratch,deepbacs_rod_brightfield,0,0.0587570698931812,68
cellpose-scratch,deepbacs_rod_brightfield,1,0.098235390956203,85
cellpose-scratch,deepbacs_rod_brightfield,10,0.4576623578866323,135
cellpose-scratch,deepbacs_rod_brightfield,11,0.0,43
cellpose-scratch,deepbacs_rod_brightfield,12,0.0135840847467382,58
cellpose-scratch,deepbacs_rod_brightfield,13,0.2385329569379488,78
cellpose-scratch,deepbacs_rod_brightfield,14,0.3992443054914474,90
cellpose-scratch,deepbacs_rod_brightfield,15,0.0962885877738396,69
cellpose-scratch,deepbacs_rod_brightfield,16,0.0371268323001761,54
cellpose-scratch,deepbacs_rod_brightfield,17,0.005244703280429,93
cellpose-scratch,deepbacs_rod_brightfield,18,0.0947494328022002,106
cellpose-scratch,deepbacs_rod_brightfield,2,0.0244606393078962,52
cellpose-scratch,deepbacs_rod_brightfield,3,0.3562732547521591,96
cellpose-scratch,deepbacs_rod_brightfield,4,0.1585467971861362,68
cellpose-scratch,deepbacs_rod_brightfield,5,0.0343275263905524,63
cellpose-scratch,deepbacs_rod_brightfield,6,0.0144420584042866,76
cellpose-scratch,deepbacs_rod_brightfield,7,0.2557105695207913,78
cellpose-scratch,deepbacs_rod_brightfield,8,0.4566791037718455,98
cellpose-scratch,deepbacs_rod_brightfield,9,0.3076474780837694,124
cellpose-scratch,deepbacs_rod_fluorescence,0,0.3843950925394893,28
cellpose-scratch,deepbacs_rod_fluorescence,1,0.6666506320238114,116
cellpose-scratch,deepbacs_rod_fluorescence,10,0.760583707690239,118
cellpose-scratch,deepbacs_rod_fluorescence,11,0.4084549020975828,32
cellpose-scratch,deepbacs_rod_fluorescence,12,0.8120537757873535,146
cellpose-scratch,deepbacs_rod_fluorescence,13,0.3385827248450369,24
cellpose-scratch,deepbacs_rod_fluorescence,14,0.5041379794478417,28
cellpose-scratch,deepbacs_rod_fluorescence,15,0.5035069022327662,28
cellpose-scratch,deepbacs_rod_fluorescence,16,0.7090751081705093,33
cellpose-scratch,deepbacs_rod_fluorescence,17,0.6469922833144665,41
cellpose-scratch,deepbacs_rod_fluorescence,18,0.5868162035942077,53
cellpose-scratch,deepbacs_rod_fluorescence,19,0.6861226499080658,58
cellpose-scratch,deepbacs_rod_fluorescence,2,0.3974559292197227,23
cellpose-scratch,deepbacs_rod_fluorescence,20,0.7372702986001969,67
cellpose-scratch,deepbacs_rod_fluorescence,21,0.588618916273117,84
cellpose-scratch,deepbacs_rod_fluorescence,22,0.4038759279996157,36
cellpose-scratch,deepbacs_rod_fluorescence,23,0.6513107240200042,100
cellpose-scratch,deepbacs_rod_fluorescence,24,0.2776346061378717,21
cellpose-scratch,deepbacs_rod_fluorescence,25,0.4646782091818749,27
cellpose-scratch,deepbacs_rod_fluorescence,26,0.5187263771891594,31
cellpose-scratch,deepbacs_rod_fluorescence,27,0.4471084983088076,35
cellpose-scratch,deepbacs_rod_fluorescence,28,0.4060834519565105,46
cellpose-scratch,deepbacs_rod_fluorescence,29,0.5723916813731194,59
cellpose-scratch,deepbacs_rod_fluorescence,3,0.4107336177490651,29
cellpose-scratch,deepbacs_rod_fluorescence,30,0.5640181034803391,78
cellpose-scratch,deepbacs_rod_fluorescence,31,0.6405181795358658,96
cellpose-scratch,deepbacs_rod_fluorescence,32,0.7332824289798736,117
cellpose-scratch,deepbacs_rod_fluorescence,33,0.5792614441365004,39
cellpose-scratch,deepbacs_rod_fluorescence,34,0.7512676298618317,150
cellpose-scratch,deepbacs_rod_fluorescence,35,0.2596206083893775,13
cellpose-scratch,deepbacs_rod_fluorescence,36,0.4323272131383419,16
cellpose-scratch,deepbacs_rod_fluorescence,37,0.0,23
cellpose-scratch,deepbacs_rod_fluorescence,38,0.0592557388124986,25
cellpose-scratch,deepbacs_rod_fluorescence,39,0.4248135179281235,32
cellpose-scratch,deepbacs_rod_fluorescence,4,0.2851154950680211,36
cellpose-scratch,deepbacs_rod_fluorescence,40,0.4510610062628984,38
cellpose-scratch,deepbacs_rod_fluorescence,41,0.4236803272739052,42
cellpose-scratch,deepbacs_rod_fluorescence,42,0.4559249602258205,50
cellpose-scratch,deepbacs_rod_fluorescence,43,0.6277881301939487,68
cellpose-scratch,deepbacs_rod_fluorescence,44,0.3644263505935669,43
cellpose-scratch,deepbacs_rod_fluorescence,45,0.6152276679873466,80
cellpose-scratch,deepbacs_rod_fluorescence,46,0.4097609497606754,21
cellpose-scratch,deepbacs_rod_fluorescence,47,0.414494601264596,25
cellpose-scratch,deepbacs_rod_fluorescence,48,0.5537229234352707,28
cellpose-scratch,deepbacs_rod_fluorescence,49,0.4795981185510755,34
cellpose-scratch,deepbacs_rod_fluorescence,5,0.5142943738028407,48
cellpose-scratch,deepbacs_rod_fluorescence,50,0.458260384760797,45
cellpose-scratch,deepbacs_rod_fluorescence,51,0.3911390950903296,53
cellpose-scratch,deepbacs_rod_fluorescence,52,0.489169779419899,63
cellpose-scratch,deepbacs_rod_fluorescence,53,0.5572476543486118,73
cellpose-scratch,deepbacs_rod_fluorescence,54,0.6068837210536003,87
cellpose-scratch,deepbacs_rod_fluorescence,55,0.6034057132899762,50
cellpose-scratch,deepbacs_rod_fluorescence,56,0.5565619006752968,104
cellpose-scratch,deepbacs_rod_fluorescence,57,0.2721778792329132,19
cellpose-scratch,deepbacs_rod_fluorescence,58,0.4744196832180023,23
cellpose-scratch,deepbacs_rod_fluorescence,59,0.463273199647665,26
cellpose-scratch,deepbacs_rod_fluorescence,6,0.6146322168409825,53
cellpose-scratch,deepbacs_rod_fluorescence,60,0.4305949565023184,32
cellpose-scratch,deepbacs_rod_fluorescence,61,0.6457881722599268,37
cellpose-scratch,deepbacs_rod_fluorescence,62,0.6344351798295975,48
cellpose-scratch,deepbacs_rod_fluorescence,63,0.5970638513565063,61
cellpose-scratch,deepbacs_rod_fluorescence,64,0.3879510700702667,74
cellpose-scratch,deepbacs_rod_fluorescence,65,0.6700227856636047,94
cellpose-scratch,deepbacs_rod_fluorescence,66,0.7641002058982849,60
cellpose-scratch,deepbacs_rod_fluorescence,67,0.675984725356102,112
cellpose-scratch,deepbacs_rod_fluorescence,68,0.4246936509385705,16
cellpose-scratch,deepbacs_rod_fluorescence,69,0.4632010787725448,18
cellpose-scratch,deepbacs_rod_fluorescence,7,0.6035616304725409,63
cellpose-scratch,deepbacs_rod_fluorescence,70,0.5095234097912907,22
cellpose-scratch,deepbacs_rod_fluorescence,71,0.2966416176408529,29
cellpose-scratch,deepbacs_rod_fluorescence,72,0.4295878246426582,33
cellpose-scratch,deepbacs_rod_fluorescence,73,0.2471877757459878,37
cellpose-scratch,deepbacs_rod_fluorescence,74,0.6000038146972656,47
cellpose-scratch,deepbacs_rod_fluorescence,75,0.6039223030209542,58
cellpose-scratch,deepbacs_rod_fluorescence,76,0.7881453812122345,65
cellpose-scratch,deepbacs_rod_fluorescence,77,0.699791918694973,72
cellpose-scratch,deepbacs_rod_fluorescence,78,0.6899624794721604,72
cellpose-scratch,deepbacs_rod_fluorescence,79,0.7478741765022278,91
cellpose-scratch,deepbacs_rod_fluorescence,8,0.7734210103750229,72
cellpose-scratch,deepbacs_rod_fluorescence,9,0.6643540054559708,97
cellpose-scratch,dsb2018_stardist,0,0.4198828249331564,27
cellpose-scratch,dsb2018_stardist,104,0.3854151191562414,21
cellpose-scratch,dsb2018_stardist,111,0.7744491958618164,138
cellpose-scratch,dsb2018_stardist,113,0.7304072530567646,24
cellpose-scratch,dsb2018_stardist,122,0.7401802319288254,133
cellpose-scratch,dsb2018_stardist,124,0.6958278298377991,16
cellpose-scratch,dsb2018_stardist,128,0.786838881969452,70
cellpose-scratch,dsb2018_stardist,132,0.7740512108802795,23
cellpose-scratch,dsb2018_stardist,133,0.5449578894674778,79
cellpose-scratch,dsb2018_stardist,144,0.5745677657425403,8
cellpose-scratch,dsb2018_stardist,147,0.3266684363037347,25
cellpose-scratch,dsb2018_stardist,149,0.0546671973448246,65
cellpose-scratch,dsb2018_stardist,154,0.7148771646618843,18
cellpose-scratch,dsb2018_stardist,155,0.4257931540161371,49
cellpose-scratch,dsb2018_stardist,158,0.7432634174823761,27
cellpose-scratch,dsb2018_stardist,161,0.613916834294796,36
cellpose-scratch,dsb2018_stardist,162,0.7771922653913498,31
cellpose-scratch,dsb2018_stardist,163,0.6837448976933956,32
cellpose-scratch,dsb2018_stardist,166,0.6056784771382808,16
cellpose-scratch,dsb2018_stardist,169,0.3912391397356987,19
cellpose-scratch,dsb2018_stardist,170,0.4054787903279066,27
cellpose-scratch,dsb2018_stardist,181,0.7101594948768616,25
cellpose-scratch,dsb2018_stardist,183,0.691594184935093,20
cellpose-scratch,dsb2018_stardist,197,0.7471154117584229,206
cellpose-scratch,dsb2018_stardist,20,0.5891819565743208,28
cellpose-scratch,dsb2018_stardist,204,0.2027644827682524,35
cellpose-scratch,dsb2018_stardist,207,0.7498813289403915,44
cellpose-scratch,dsb2018_stardist,215,0.4289448469877243,49
cellpose-scratch,dsb2018_stardist,222,0.7898852694034576,36
cellpose-scratch,dsb2018_stardist,226,0.7728852468729019,20
cellpose-scratch,dsb2018_stardist,227,0.6802291032671929,20
cellpose-scratch,dsb2018_stardist,229,0.5803068017959595,10
cellpose-scratch,dsb2018_stardist,241,0.2232703027315437,9
cellpose-scratch,dsb2018_stardist,244,0.4497423459589481,12
cellpose-scratch,dsb2018_stardist,248,0.7576065903902054,147
cellpose-scratch,dsb2018_stardist,250,0.6511963130533696,168
cellpose-scratch,dsb2018_stardist,252,0.2141819938272237,15
cellpose-scratch,dsb2018_stardist,258,0.3405611660145223,132
cellpose-scratch,dsb2018_stardist,260,0.1839858798403293,20
cellpose-scratch,dsb2018_stardist,261,0.4905210331268608,44
cellpose-scratch,dsb2018_stardist,266,0.309690708220005,42
cellpose-scratch,dsb2018_stardist,272,0.5174088032543659,31
cellpose-scratch,dsb2018_stardist,276,0.7576883789896965,53
cellpose-scratch,dsb2018_stardist,278,0.5909218338131904,10
cellpose-scratch,dsb2018_stardist,280,0.5282720281928778,10
cellpose-scratch,dsb2018_stardist,282,0.7876255679130554,124
cellpose-scratch,dsb2018_stardist,286,0.5522794173657894,65
cellpose-scratch,dsb2018_stardist,290,0.7748966056108475,141
cellpose-scratch,dsb2018_stardist,294,0.6856641113758087,23
cellpose-scratch,dsb2018_stardist,298,0.4929353034496307,22
cellpose-scratch,dsb2018_stardist,300,0.8013891637325287,29
cellpose-scratch,dsb2018_stardist,305,0.5117983093857765,24
cellpose-scratch,dsb2018_stardist,308,0.5413272516429424,17
cellpose-scratch,dsb2018_stardist,31,0.2158244475163519,10
cellpose-scratch,dsb2018_stardist,312,0.4839636073634028,16
cellpose-scratch,dsb2018_stardist,313,0.8082624024152756,90
cellpose-scratch,dsb2018_stardist,316,0.5458088216185569,21
cellpose-scratch,dsb2018_stardist,32,0.3100402011536062,17
cellpose-scratch,dsb2018_stardist,320,0.7712696623802185,27
cellpose-scratch,dsb2018_stardist,327,0.3006821300834417,17
cellpose-scratch,dsb2018_stardist,342,0.5662266702577472,52
cellpose-scratch,dsb2018_stardist,350,0.1880738800112157,58
cellpose-scratch,dsb2018_stardist,360,0.4449305804818869,12
cellpose-scratch,dsb2018_stardist,361,0.5556479758024215,10
cellpose-scratch,dsb2018_stardist,363,0.4984479324519634,8
cellpose-scratch,dsb2018_stardist,368,0.7648200124502182,28
cellpose-scratch,dsb2018_stardist,37,0.4811713943630457,11
cellpose-scratch,dsb2018_stardist,372,0.5236450221762061,29
cellpose-scratch,dsb2018_stardist,373,0.3672389364987611,24
cellpose-scratch,dsb2018_stardist,385,0.057801732039079,30
cellpose-scratch,dsb2018_stardist,386,0.724530684351921,21
cellpose-scratch,dsb2018_stardist,388,0.3340837554261088,80
cellpose-scratch,dsb2018_stardist,391,0.0983491136878728,21
cellpose-scratch,dsb2018_stardist,396,0.6263238137960434,29
cellpose-scratch,dsb2018_stardist,401,0.5377353741228581,11
cellpose-scratch,dsb2018_stardist,402,0.7930344027280808,150
cellpose-scratch,dsb2018_stardist,403,0.4460966785997152,47
cellpose-scratch,dsb2018_stardist,409,0.8217826455831527,120
cellpose-scratch,dsb2018_stardist,41,0.5381297162361443,157
cellpose-scratch,dsb2018_stardist,414,0.7260792928934098,28
cellpose-scratch,dsb2018_stardist,415,0.4450501050055027,12
cellpose-scratch,dsb2018_stardist,419,0.4103765153139829,9
cellpose-scratch,dsb2018_stardist,421,0.6492454725503921,47
cellpose-scratch,dsb2018_stardist,424,0.472452414855361,12
cellpose-scratch,dsb2018_stardist,430,0.6016369943320751,11
cellpose-scratch,dsb2018_stardist,432,0.5717889746278524,57
cellpose-scratch,dsb2018_stardist,435,0.7404553586244583,25
cellpose-scratch,dsb2018_stardist,446,0.4605443848669528,13
cellpose-scratch,dsb2018_stardist,46,0.6481591439247132,23
cellpose-scratch,dsb2018_stardist,47,0.1342252734862268,66
cellpose-scratch,dsb2018_stardist,48,0.8132013833522796,136
cellpose-scratch,dsb2018_stardist,50,0.5181214829534292,14
cellpose-scratch,dsb2018_stardist,51,0.6271946382522583,10
cellpose-scratch,dsb2018_stardist,55,0.7646134787797928,31
cellpose-scratch,dsb2018_stardist,63,0.4763943092525005,54
cellpose-scratch,dsb2018_stardist,7,0.6355405549705029,17
cellpose-scratch,dsb2018_stardist,71,0.7594344180822372,22
cellpose-scratch,dsb2018_stardist,72,0.0488882923219352,55
cellpose-scratch,dsb2018_stardist,75,0.5093052133917808,11
cellpose-scratch,dsb2018_stardist,97,0.4778099840134382,51
cellseg1,cellpose_specialized,0,0.8909797668457031,90
cellseg1,cellpose_specialized,1,0.8614978194236755,93
cellseg1,cellpose_specialized,10,0.8150447607040405,68
cellseg1,cellpose_specialized,11,0.8057240843772888,94
cellseg1,cellpose_specialized,12,0.9167391061782836,124
cellseg1,cellpose_specialized,13,0.8507203459739685,84
cellseg1,cellpose_specialized,14,0.7558200359344482,88
cellseg1,cellpose_specialized,15,0.8711338639259338,146
cellseg1,cellpose_specialized,16,0.7862123250961304,149
cellseg1,cellpose_specialized,17,0.8476442098617554,90
cellseg1,cellpose_specialized,18,0.8801555037498474,96
cellseg1,cellpose_specialized,19,0.8196468353271484,90
cellseg1,cellpose_specialized,2,0.7849389910697937,76
cellseg1,cellpose_specialized,20,0.8682498931884766,115
cellseg1,cellpose_specialized,21,0.8525262475013733,98
cellseg1,cellpose_specialized,22,0.7108666300773621,33
cellseg1,cellpose_specialized,23,0.8707422614097595,75
cellseg1,cellpose_specialized,24,0.8471785187721252,49
cellseg1,cellpose_specialized,25,0.8584446310997009,62
cellseg1,cellpose_specialized,26,0.7987298369407654,48
cellseg1,cellpose_specialized,27,0.7932310104370117,45
cellseg1,cellpose_specialized,28,0.8560543656349182,55
cellseg1,cellpose_specialized,29,0.8667131066322327,119
cellseg1,cellpose_specialized,3,0.8607977032661438,95
cellseg1,cellpose_specialized,30,0.8562002778053284,77
cellseg1,cellpose_specialized,31,0.7347843050956726,35
cellseg1,cellpose_specialized,32,0.811985194683075,58
cellseg1,cellpose_specialized,33,0.8119898438453674,54
cellseg1,cellpose_specialized,34,0.8030222058296204,42
cellseg1,cellpose_specialized,35,0.8249247074127197,40
cellseg1,cellpose_specialized,36,0.7142618894577026,30
cellseg1,cellpose_specialized,37,0.8373436331748962,46
cellseg1,cellpose_specialized,38,0.7668430209159851,34
cellseg1,cellpose_specialized,39,0.8361472487449646,111
cellseg1,cellpose_specialized,4,0.8230069875717163,97
cellseg1,cellpose_specialized,40,0.8721017837524414,50
cellseg1,cellpose_specialized,41,0.8657377362251282,63
cellseg1,cellpose_specialized,42,0.8698775768280029,99
cellseg1,cellpose_specialized,43,0.8278289437294006,118
cellseg1,cellpose_specialized,44,0.8723466992378235,72
cellseg1,cellpose_specialized,45,0.8438827395439148,52
cellseg1,cellpose_specialized,46,0.8278636932373047,25
cellseg1,cellpose_specialized,47,0.8287714123725891,23
cellseg1,cellpose_specialized,48,0.8732913732528687,27
cellseg1,cellpose_specialized,49,0.792481005191803,13
cellseg1,cellpose_specialized,5,0.8557415008544922,124
cellseg1,cellpose_specialized,50,0.8335819244384766,27
cellseg1,cellpose_specialized,51,0.707356333732605,6
cellseg1,cellpose_specialized,52,0.7153823971748352,22
cellseg1,cellpose_specialized,53,0.3535316288471222,5
cellseg1,cellpose_specialized,54,0.6419362425804138,11
cellseg1,cellpose_specialized,55,0.7754445672035217,27
cellseg1,cellpose_specialized,56,0.844552218914032,25
cellseg1,cellpose_specialized,57,0.7232446074485779,40
cellseg1,cellpose_specialized,58,0.7621861100196838,17
cellseg1,cellpose_specialized,59,0.6556621789932251,16
cellseg1,cellpose_specialized,6,0.768210232257843,65
cellseg1,cellpose_specialized,60,0.8535715341567993,16
cellseg1,cellpose_specialized,61,0.449089914560318,8
cellseg1,cellpose_specialized,62,0.7780206203460693,31
cellseg1,cellpose_specialized,63,0.7531445026397705,21
cellseg1,cellpose_specialized,64,0.7385556697845459,16
cellseg1,cellpose_specialized,65,0.8724040985107422,61
cellseg1,cellpose_specialized,66,0.6859334111213684,10
cellseg1,cellpose_specialized,67,0.7102712988853455,10
cellseg1,cellpose_specialized,68,0.7792962789535522,24
cellseg1,cellpose_specialized,69,0.7823632955551147,16
cellseg1,cellpose_specialized,7,0.8841564059257507,151
cellseg1,cellpose_specialized,70,0.694801926612854,37
cellseg1,cellpose_specialized,71,0.7840931415557861,23
cellseg1,cellpose_specialized,72,0.7480283379554749,10
cellseg1,cellpose_specialized,73,0.8402369022369385,59
cellseg1,cellpose_specialized,74,0.6064653992652893,15
cellseg1,cellpose_specialized,75,0.6609413623809814,17
cellseg1,cellpose_specialized,76,0.8264504075050354,34
cellseg1,cellpose_specialized,77,0.7761355042457581,32
cellseg1,cellpose_specialized,78,0.8377110958099365,20
cellseg1,cellpose_specialized,79,0.8522128462791443,49
cellseg1,cellpose_specialized,8,0.8464877605438232,77
cellseg1,cellpose_specialized,80,0.8194872140884399,31
cellseg1,cellpose_specialized,81,0.7808187007904053,22
cellseg1,cellpose_specialized,82,0.4775220155715942,14
cellseg1,cellpose_specialized,83,0.8563926815986633,28
cellseg1,cellpose_specialized,84,0.6037428975105286,9
cellseg1,cellpose_specialized,85,0.8355094790458679,32
cellseg1,cellpose_specialized,86,0.637278139591217,22
cellseg1,cellpose_specialized,87,0.7791159152984619,27
cellseg1,cellpose_specialized,88,0.8059064745903015,23
cellseg1,cellpose_specialized,9,0.8262360095977783,123
cellseg1,cellseg_blood,0,0.8798288702964783,11
cellseg1,cellseg_blood,1,0.8099920153617859,6
cellseg1,cellseg_blood,10,0.8221029043197632,19
cellseg1,cellseg_blood,100,0.8289652466773987,18
cellseg1,cellseg_blood,101,0.8981099128723145,16
cellseg1,cellseg_blood,102,0.8567963242530823,12
cellseg1,cellseg_blood,103,0.8589600920677185,27
cellseg1,cellseg_blood,104,0.911833882331848,14
cellseg1,cellseg_blood,105,0.8694122433662415,11
cellseg1,cellseg_blood,106,0.8292272686958313,16
cellseg1,cellseg_blood,107,0.8141440153121948,10
cellseg1,cellseg_blood,108,0.9009203314781188,15
cellseg1,cellseg_blood,109,0.8290488123893738,12
cellseg1,cellseg_blood,11,0.8988562226295471,15
cellseg1,cellseg_blood,110,0.8402248024940491,11
cellseg1,cellseg_blood,111,0.7660799026489258,20
cellseg1,cellseg_blood,112,0.7225699424743652,10
cellseg1,cellseg_blood,113,0.6573637127876282,20
cellseg1,cellseg_blood,114,0.8967246413230896,11
cellseg1,cellseg_blood,115,0.8264309167861938,11
cellseg1,cellseg_blood,116,0.7784652709960938,15
cellseg1,cellseg_blood,117,0.940669059753418,12
cellseg1,cellseg_blood,118,0.7514801621437073,17
cellseg1,cellseg_blood,119,0.8794894814491272,17
cellseg1,cellseg_blood,12,0.6838043928146362,20
cellseg1,cellseg_blood,120,0.8783535957336426,31
cellseg1,cellseg_blood,121,0.8993740677833557,22
cellseg1,cellseg_blood,122,0.8206638693809509,16
cellseg1,cellseg_blood,123,0.7971916794776917,9
cellseg1,cellseg_blood,124,0.8016564249992371,10
cellseg1,cellseg_blood,125,0.8159969449043274,12
cellseg1,cellseg_blood,126,0.874129593372345,13
cellseg1,cellseg_blood,127,0.8379639983177185,27
cellseg1,cellseg_blood,128,0.8093823790550232,16
cellseg1,cellseg_blood,129,0.8078466653823853,16
cellseg1,cellseg_blood,13,0.8916396498680115,16
cellseg1,cellseg_blood,130,0.8787740468978882,29
cellseg1,cellseg_blood,131,0.8565459847450256,13
cellseg1,cellseg_blood,132,0.8275044560432434,5
cellseg1,cellseg_blood,133,0.8349967002868652,9
cellseg1,cellseg_blood,134,0.8465294241905212,5
cellseg1,cellseg_blood,135,0.8550397157669067,16
cellseg1,cellseg_blood,136,0.9092307686805724,18
cellseg1,cellseg_blood,137,0.8690205812454224,11
cellseg1,cellseg_blood,138,0.8988966941833496,5
cellseg1,cellseg_blood,14,0.6182096600532532,7
cellseg1,cellseg_blood,15,0.8274759650230408,21
cellseg1,cellseg_blood,16,0.8396570086479187,14
cellseg1,cellseg_blood,17,0.8773096203804016,18
cellseg1,cellseg_blood,18,0.6965223550796509,16
cellseg1,cellseg_blood,19,0.8094381093978882,12
cellseg1,cellseg_blood,2,0.8070794939994812,8
cellseg1,cellseg_blood,20,0.911123275756836,25
cellseg1,cellseg_blood,21,0.8681465983390808,15
cellseg1,cellseg_blood,22,0.4296247065067291,22
cellseg1,cellseg_blood,23,0.7332587838172913,29
cellseg1,cellseg_blood,24,0.8401371836662292,15
cellseg1,cellseg_blood,25,0.7980549931526184,25
cellseg1,cellseg_blood,26,0.5848363637924194,3
cellseg1,cellseg_blood,27,0.8821068406105042,11
cellseg1,cellseg_blood,28,0.9231747388839722,17
cellseg1,cellseg_blood,29,0.902070939540863,26
cellseg1,cellseg_blood,3,0.6702135801315308,10
cellseg1,cellseg_blood,30,0.8984276652336121,10
cellseg1,cellseg_blood,31,0.8305549025535583,24
cellseg1,cellseg_blood,32,0.8995453715324402,16
cellseg1,cellseg_blood,33,0.8630132675170898,5
cellseg1,cellseg_blood,34,0.7621756196022034,18
cellseg1,cellseg_blood,35,0.6735358238220215,26
cellseg1,cellseg_blood,36,0.8755728006362915,29
cellseg1,cellseg_blood,37,0.871449887752533,11
cellseg1,cellseg_blood,38,0.780270516872406,21
cellseg1,cellseg_blood,39,0.7421606779098511,12
cellseg1,cellseg_blood,4,0.4123651683330536,12
cellseg1,cellseg_blood,40,0.8520066142082214,17
cellseg1,cellseg_blood,41,0.80543053150177,19
cellseg1,cellseg_blood,42,0.7541465759277344,7
cellseg1,cellseg_blood,43,0.8567002415657043,22
cellseg1,cellseg_blood,44,0.8517305254936218,26
cellseg1,cellseg_blood,45,0.8708845376968384,11
cellseg1,cellseg_blood,46,0.8902754187583923,18
cellseg1,cellseg_blood,47,0.8910723328590393,16
cellseg1,cellseg_blood,48,0.8510571718215942,18
cellseg1,cellseg_blood,49,0.9194403290748596,31
cellseg1,cellseg_blood,5,0.8611125349998474,11
cellseg1,cellseg_blood,50,0.8929710984230042,21
cellseg1,cellseg_blood,51,0.8317027688026428,18
cellseg1,cellseg_blood,52,0.91852205991745,18
cellseg1,cellseg_blood,53,0.8439009785652161,14
cellseg1,cellseg_blood,54,0.8655641674995422,9
cellseg1,cellseg_blood,55,0.8282545804977417,19
cellseg1,cellseg_blood,56,0.7358418703079224,24
cellseg1,cellseg_blood,57,0.7973526120185852,9
cellseg1,cellseg_blood,58,0.8444424271583557,16
cellseg1,cellseg_blood,59,0.8745155334472656,20
cellseg1,cellseg_blood,6,0.6335271596908569,19
cellseg1,cellseg_blood,60,0.8024942278862,25
cellseg1,cellseg_blood,61,0.6926370859146118,19
cellseg1,cellseg_blood,62,0.86640864610672,20
cellseg1,cellseg_blood,63,0.874686598777771,19
cellseg1,cellseg_blood,64,0.9139955639839172,12
cellseg1,cellseg_blood,65,0.7201796770095825,28
cellseg1,cellseg_blood,66,0.8970980048179626,27
cellseg1,cellseg_blood,67,0.7795459628105164,18
cellseg1,cellseg_blood,68,0.8674420118331909,15
cellseg1,cellseg_blood,69,0.9120650291442872,8
cellseg1,cellseg_blood,7,0.8113785982131958,8
cellseg1,cellseg_blood,70,0.8802595734596252,15
cellseg1,cellseg_blood,71,0.8243975043296814,6
cellseg1,cellseg_blood,72,0.8806474804878235,22
cellseg1,cellseg_blood,73,0.8112415075302124,26
cellseg1,cellseg_blood,74,0.7457717657089233,18
cellseg1,cellseg_blood,75,0.8264399170875549,19
cellseg1,cellseg_blood,76,0.8739601373672485,11
cellseg1,cellseg_blood,77,0.8199700713157654,13
cellseg1,cellseg_blood,78,0.8922991156578064,25
cellseg1,cellseg_blood,79,0.8928408622741699,27
cellseg1,cellseg_blood,8,0.7808951139450073,14
cellseg1,cellseg_blood,80,0.8864771127700806,10
cellseg1,cellseg_blood,81,0.911720871925354,25
cellseg1,cellseg_blood,82,0.8890866041183472,16
cellseg1,cellseg_blood,83,0.9253193736076356,24
cellseg1,cellseg_blood,84,0.906063437461853,25
cellseg1,cellseg_blood,85,0.818115234375,7
cellseg1,cellseg_blood,86,0.858156144618988,6
cellseg1,cellseg_blood,87,0.9030245542526244,3
cellseg1,cellseg_blood,88,0.8410817384719849,21
cellseg1,cellseg_blood,89,0.8429401516914368,24
cellseg1,cellseg_blood,9,0.8643747568130493,17
cellseg1,cellseg_blood,90,0.91376930475235,11
cellseg1,cellseg_blood,91,0.9245997071266174,9
cellseg1,cellseg_blood,92,0.9125093221664428,12
cellseg1,cellseg_blood,93,0.7803188562393188,6
cellseg1,cellseg_blood,94,0.9059645533561708,13
cellseg1,cellseg_blood,95,0.8381314873695374,13
cellseg1,cellseg_blood,96,0.847966730594635,17
cellseg1,cellseg_blood,97,0.8971391916275024,20
cellseg1,cellseg_blood,98,0.8766323328018188,16
cellseg1,cellseg_blood,99,0.7952421307563782,14
cellseg1,deepbacs_rod_brightfield,0,0.7449952960014343,68
cellseg1,deepbacs_rod_brightfield,1,0.7935599684715271,85
cellseg1,deepbacs_rod_brightfield,10,0.8102494478225708,135
cellseg1,deepbacs_rod_brightfield,11,0.744780957698822,43
cellseg1,deepbacs_rod_brightfield,12,0.7196984887123108,58
cellseg1,deepbacs_rod_brightfield,13,0.7834054827690125,78
cellseg1,deepbacs_rod_brightfield,14,0.8137003183364868,90
cellseg1,deepbacs_rod_brightfield,15,0.7480093240737915,69
cellseg1,deepbacs_rod_brightfield,16,0.6898977160453796,54
cellseg1,deepbacs_rod_brightfield,17,0.7976926565170288,93
cellseg1,deepbacs_rod_brightfield,18,0.7994692325592041,106
cellseg1,deepbacs_rod_brightfield,2,0.7038594484329224,52
cellseg1,deepbacs_rod_brightfield,3,0.794165313243866,96
cellseg1,deepbacs_rod_brightfield,4,0.7609854936599731,68
cellseg1,deepbacs_rod_brightfield,5,0.6781116127967834,63
cellseg1,deepbacs_rod_brightfield,6,0.8314384818077087,76
cellseg1,deepbacs_rod_brightfield,7,0.8136581778526306,78
cellseg1,deepbacs_rod_brightfield,8,0.8135797381401062,98
cellseg1,deepbacs_rod_brightfield,9,0.8604654669761658,124
cellseg1,deepbacs_rod_fluorescence,0,0.570749044418335,28
cellseg1,deepbacs_rod_fluorescence,1,0.7546557784080505,116
cellseg1,deepbacs_rod_fluorescence,10,0.7937195897102356,118
cellseg1,deepbacs_rod_fluorescence,11,0.2892769575119018,32
cellseg1,deepbacs_rod_fluorescence,12,0.803907036781311,146
cellseg1,deepbacs_rod_fluorescence,13,0.7873355746269226,24
cellseg1,deepbacs_rod_fluorescence,14,0.6804900169372559,28
cellseg1,deepbacs_rod_fluorescence,15,0.7820519804954529,28
cellseg1,deepbacs_rod_fluorescence,16,0.8111240267753601,33
cellseg1,deepbacs_rod_fluorescence,17,0.7914615869522095,41
cellseg1,deepbacs_rod_fluorescence,18,0.7338338494300842,53
cellseg1,deepbacs_rod_fluorescence,19,0.7536507844924927,58
cellseg1,deepbacs_rod_fluorescence,2,0.3883026242256164,23
cellseg1,deepbacs_rod_fluorescence,20,0.8031409382820129,67
cellseg1,deepbacs_rod_fluorescence,21,0.695258617401123,84
cellseg1,deepbacs_rod_fluorescence,22,0.6762199401855469,36
cellseg1,deepbacs_rod_fluorescence,23,0.7773867249488831,100
cellseg1,deepbacs_rod_fluorescence,24,0.6840587258338928,21
cellseg1,deepbacs_rod_fluorescence,25,0.6828954219818115,27
cellseg1,deepbacs_rod_fluorescence,26,0.778417706489563,31
cellseg1,deepbacs_rod_fluorescence,27,0.7432886362075806,35
cellseg1,deepbacs_rod_fluorescence,28,0.7728680968284607,46
cellseg1,deepbacs_rod_fluorescence,29,0.7611363530158997,59
cellseg1,deepbacs_rod_fluorescence,3,0.4828410148620605,29
cellseg1,deepbacs_rod_fluorescence,30,0.7466139793395996,78
cellseg1,deepbacs_rod_fluorescence,31,0.8158060312271118,96
cellseg1,deepbacs_rod_fluorescence,32,0.8005315661430359,117
cellseg1,deepbacs_rod_fluorescence,33,0.7470748424530029,39
cellseg1,deepbacs_rod_fluorescence,34,0.7900230288505554,150
cellseg1,deepbacs_rod_fluorescence,35,0.554050624370575,13
cellseg1,deepbacs_rod_fluorescence,36,0.621166467666626,16
cellseg1,deepbacs_rod_fluorescence,37,0.0229720864444971,23
cellseg1,deepbacs_rod_fluorescence,38,0.7106015682220459,25
cellseg1,deepbacs_rod_fluorescence,39,0.7619561553001404,32
cellseg1,deepbacs_rod_fluorescence,4,0.7256540060043335,36
cellseg1,deepbacs_rod_fluorescence,40,0.7302417755126953,38
cellseg1,deepbacs_rod_fluorescence,41,0.7516087889671326,42
cellseg1,deepbacs_rod_fluorescence,42,0.7211448550224304,50
cellseg1,deepbacs_rod_fluorescence,43,0.7472557425498962,68
cellseg1,deepbacs_rod_fluorescence,44,0.7087340354919434,43
cellseg1,deepbacs_rod_fluorescence,45,0.7184054851531982,80
cellseg1,deepbacs_rod_fluorescence,46,0.6825459003448486,21
cellseg1,deepbacs_rod_fluorescence,47,0.7987041473388672,25
cellseg1,deepbacs_rod_fluorescence,48,0.7600141763687134,28
cellseg1,deepbacs_rod_fluorescence,49,0.7633810639381409,34
cellseg1,deepbacs_rod_fluorescence,5,0.8043376803398132,48
cellseg1,deepbacs_rod_fluorescence,50,0.7404624223709106,45
cellseg1,deepbacs_rod_fluorescence,51,0.7593704462051392,53
cellseg1,deepbacs_rod_fluorescence,52,0.7627993226051331,63
cellseg1,deepbacs_rod_fluorescence,53,0.7393401861190796,73
cellseg1,deepbacs_rod_fluorescence,54,0.7340089082717896,87
cellseg1,deepbacs_rod_fluorescence,55,0.7513514757156372,50
cellseg1,deepbacs_rod_fluorescence,56,0.7574966549873352,104
cellseg1,deepbacs_rod_fluorescence,57,0.521733283996582,19
cellseg1,deepbacs_rod_fluorescence,58,0.7201966047286987,23
cellseg1,deepbacs_rod_fluorescence,59,0.6893777251243591,26
cellseg1,deepbacs_rod_fluorescence,6,0.8183800578117371,53
cellseg1,deepbacs_rod_fluorescence,60,0.7583745718002319,32
cellseg1,deepbacs_rod_fluorescence,61,0.736186146736145,37
cellseg1,deepbacs_rod_fluorescence,62,0.814440906047821,48
cellseg1,deepbacs_rod_fluorescence,63,0.749419629573822,61
cellseg1,deepbacs_rod_fluorescence,64,0.7348953485488892,74
cellseg1,deepbacs_rod_fluorescence,65,0.7570372819900513,94
cellseg1,deepbacs_rod_fluorescence,66,0.7913125157356262,60
cellseg1,deepbacs_rod_fluorescence,67,0.7857917547225952,112
cellseg1,deepbacs_rod_fluorescence,68,0.7606403827667236,16
cellseg1,deepbacs_rod_fluorescence,69,0.7745764851570129,18
cellseg1,deepbacs_rod_fluorescence,7,0.8010613322257996,63
cellseg1,deepbacs_rod_fluorescence,70,0.8106474876403809,22
cellseg1,deepbacs_rod_fluorescence,71,0.7424253225326538,29
cellseg1,deepbacs_rod_fluorescence,72,0.7912533283233643,33
cellseg1,deepbacs_rod_fluorescence,73,0.7979890704154968,37
cellseg1,deepbacs_rod_fluorescence,74,0.7937633991241455,47
cellseg1,deepbacs_rod_fluorescence,75,0.8213716745376587,58
cellseg1,deepbacs_rod_fluorescence,76,0.7333421111106873,65
cellseg1,deepbacs_rod_fluorescence,77,0.7975736856460571,72
cellseg1,deepbacs_rod_fluorescence,78,0.7801812291145325,72
cellseg1,deepbacs_rod_fluorescence,79,0.8169520497322083,91
cellseg1,deepbacs_rod_fluorescence,8,0.8007952570915222,72
cellseg1,deepbacs_rod_fluorescence,9,0.7875189781188965,97
cellseg1,dsb2018_stardist,0,0.8185822367668152,27
cellseg1,dsb2018_stardist,104,0.801440954208374,21
cellseg1,dsb2018_stardist,111,0.8309704065322876,138
cellseg1,dsb2018_stardist,113,0.7705177068710327,24
cellseg1,dsb2018_stardist,122,0.7959668040275574,133
cellseg1,dsb2018_stardist,124,0.798215925693512,16
cellseg1,dsb2018_stardist,128,0.819062352180481,70
cellseg1,dsb2018_stardist,132,0.7918041348457336,23
cellseg1,dsb2018_stardist,133,0.8474475145339966,79
cellseg1,dsb2018_stardist,144,0.7315611243247986,8
cellseg1,dsb2018_stardist,147,0.8535696268081665,25
cellseg1,dsb2018_stardist,149,0.8133212327957153,65
cellseg1,dsb2018_stardist,154,0.7977575659751892,18
cellseg1,dsb2018_stardist,155,0.4905841946601867,49
cellseg1,dsb2018_stardist,158,0.8248178958892822,27
cellseg1,dsb2018_stardist,161,0.800889253616333,36
cellseg1,dsb2018_stardist,162,0.8640261292457581,31
cellseg1,dsb2018_stardist,163,0.8052106499671936,32
cellseg1,dsb2018_stardist,166,0.6878167986869812,16
cellseg1,dsb2018_stardist,169,0.8404894471168518,19
cellseg1,dsb2018_stardist,170,0.767224907875061,27
cellseg1,dsb2018_stardist,181,0.8321825265884399,25
cellseg1,dsb2018_stardist,183,0.7793728113174438,20
cellseg1,dsb2018_stardist,197,0.8276647329330444,206
cellseg1,dsb2018_stardist,20,0.8094972968101501,28
cellseg1,dsb2018_stardist,204,0.8028842806816101,35
cellseg1,dsb2018_stardist,207,0.8418700695037842,44
cellseg1,dsb2018_stardist,215,0.828458845615387,49
cellseg1,dsb2018_stardist,222,0.7185211777687073,36
cellseg1,dsb2018_stardist,226,0.8397386074066162,20
cellseg1,dsb2018_stardist,227,0.80169278383255,20
cellseg1,dsb2018_stardist,229,0.8356099128723145,10
cellseg1,dsb2018_stardist,241,0.8241055011749268,9
cellseg1,dsb2018_stardist,244,0.8376988172531128,12
cellseg1,dsb2018_stardist,248,0.8520774841308594,147
cellseg1,dsb2018_stardist,250,0.8666847944259644,168
cellseg1,dsb2018_stardist,252,0.8613842725753784,15
cellseg1,dsb2018_stardist,258,0.8583564758300781,132
cellseg1,dsb2018_stardist,260,0.803748369216919,20
cellseg1,dsb2018_stardist,261,0.8318870067596436,44
cellseg1,dsb2018_stardist,266,0.7654697299003601,42
cellseg1,dsb2018_stardist,272,0.762502133846283,31
cellseg1,dsb2018_stardist,276,0.7954210042953491,53
cellseg1,dsb2018_stardist,278,0.8675586581230164,10
cellseg1,dsb2018_stardist,280,0.7934706211090088,10
cellseg1,dsb2018_stardist,282,0.827532947063446,124
cellseg1,dsb2018_stardist,286,0.8238664269447327,65
cellseg1,dsb2018_stardist,290,0.8178271651268005,141
cellseg1,dsb2018_stardist,294,0.7225726842880249,23
cellseg1,dsb2018_stardist,298,0.7882236242294312,22
cellseg1,dsb2018_stardist,300,0.8268920183181763,29
cellseg1,dsb2018_stardist,305,0.8393085598945618,24
cellseg1,dsb2018_stardist,308,0.8234879374504089,17
cellseg1,dsb2018_stardist,31,0.8106696605682373,10
cellseg1,dsb2018_stardist,312,0.8657269477844238,16
cellseg1,dsb2018_stardist,313,0.8593860864639282,90
cellseg1,dsb2018_stardist,316,0.786948025226593,21
cellseg1,dsb2018_stardist,32,0.785277783870697,17
cellseg1,dsb2018_stardist,320,0.8542839288711548,27
cellseg1,dsb2018_stardist,327,0.8122474551200867,17
cellseg1,dsb2018_stardist,342,0.6597164869308472,52
cellseg1,dsb2018_stardist,350,0.8104063272476196,58
cellseg1,dsb2018_stardist,360,0.8461352586746216,12
cellseg1,dsb2018_stardist,361,0.7247423529624939,10
cellseg1,dsb2018_stardist,363,0.7597233653068542,8
cellseg1,dsb2018_stardist,368,0.8499821424484253,28
cellseg1,dsb2018_stardist,37,0.7793664336204529,11
cellseg1,dsb2018_stardist,372,0.8133849501609802,29
cellseg1,dsb2018_stardist,373,0.8078252673149109,24
cellseg1,dsb2018_stardist,385,0.7844367027282715,30
cellseg1,dsb2018_stardist,386,0.7163317799568176,21
cellseg1,dsb2018_stardist,388,0.8348426818847656,80
cellseg1,dsb2018_stardist,391,0.7670245170593262,21
cellseg1,dsb2018_stardist,396,0.8127392530441284,29
cellseg1,dsb2018_stardist,401,0.811840295791626,11
cellseg1,dsb2018_stardist,402,0.8353191614151001,150
cellseg1,dsb2018_stardist,403,0.7508609890937805,47
cellseg1,dsb2018_stardist,409,0.7669578790664673,120
cellseg1,dsb2018_stardist,41,0.8617640137672424,157
cellseg1,dsb2018_stardist,414,0.8033368587493896,28
cellseg1,dsb2018_stardist,415,0.8031120896339417,12
cellseg1,dsb2018_stardist,419,0.7957820296287537,9
cellseg1,dsb2018_stardist,421,0.8066509962081909,47
cellseg1,dsb2018_stardist,424,0.8248019218444824,12
cellseg1,dsb2018_stardist,430,0.8144867420196533,11
cellseg1,dsb2018_stardist,432,0.827846348285675,57
cellseg1,dsb2018_stardist,435,0.872525691986084,25
cellseg1,dsb2018_stardist,446,0.7934345006942749,13
cellseg1,dsb2018_stardist,46,0.7158724069595337,23
cellseg1,dsb2018_stardist,47,0.8227207064628601,66
cellseg1,dsb2018_stardist,48,0.8340742588043213,136
cellseg1,dsb2018_stardist,50,0.8053009510040283,14
cellseg1,dsb2018_stardist,51,0.8285623788833618,10
cellseg1,dsb2018_stardist,55,0.7542214393615723,31
cellseg1,dsb2018_stardist,63,0.7100971937179565,54
cellseg1,dsb2018_stardist,7,0.7691857814788818,17
cellseg1,dsb2018_stardist,71,0.7618557810783386,22
cellseg1,dsb2018_stardist,72,0.818156361579895,55
cellseg1,dsb2018_stardist,75,0.784471869468689,11
cellseg1,dsb2018_stardist,97,0.5330246090888977,51
stardist,cellpose_specialized,0,0.6957164840264753,90
stardist,cellpose_specialized,1,0.5551440925760702,93
stardist,cellpose_specialized,10,0.6368687694722955,68
stardist,cellpose_specialized,11,0.6210575862364336,94
stardist,cellpose_specialized,12,0.5628105906600301,124
stardist,cellpose_specialized,13,0.5917347859252583,84
stardist,cellpose_specialized,14,0.5896477672186765,88
stardist,cellpose_specialized,15,0.5176394243131984,146
stardist,cellpose_specialized,16,0.5869562104344368,149
stardist,cellpose_specialized,17,0.6763760041106831,90
stardist,cellpose_specialized,18,0.6520111100240187,96
stardist,cellpose_specialized,19,0.6711051897569136,90
stardist,cellpose_specialized,2,0.6456552716818723,76
stardist,cellpose_specialized,20,0.6465441205284812,115
stardist,cellpose_specialized,21,0.731004845012318,98
stardist,cellpose_specialized,22,0.6040943725542589,33
stardist,cellpose_specialized,23,0.6254241290417585,75
stardist,cellpose_specialized,24,0.6198634803295135,49
stardist,cellpose_specialized,25,0.6667788245461204,62
stardist,cellpose_specialized,26,0.4750881953672929,48
stardist,cellpose_specialized,27,0.5501117218624462,45
stardist,cellpose_specialized,28,0.649126797914505,55
stardist,cellpose_specialized,29,0.6898195472630587,119
stardist,cellpose_specialized,3,0.6645601445978339,95
stardist,cellpose_specialized,30,0.657906935973601,77
stardist,cellpose_specialized,31,0.5597277202389457,35
stardist,cellpose_specialized,32,0.6928676258433949,58
stardist,cellpose_specialized,33,0.6525494022802873,54
stardist,cellpose_specialized,34,0.3750919631936333,42
stardist,cellpose_specialized,35,0.6725021600723267,40
stardist,cellpose_specialized,36,0.3452981608835133,30
stardist,cellpose_specialized,37,0.6095900589769537,46
stardist,cellpose_specialized,38,0.5223689756610177,34
stardist,cellpose_specialized,39,0.5951586054130034,111
stardist,cellpose_specialized,4,0.5354742089455778,97
stardist,cellpose_specialized,40,0.5936446298252452,50
stardist,cellpose_specialized,41,0.6608303880149667,63
stardist,cellpose_specialized,42,0.595855095169761,99
stardist,cellpose_specialized,43,0.5831980129534547,118
stardist,cellpose_specialized,44,0.6655718860301104,72
stardist,cellpose_specialized,45,0.6212355982173573,52
stardist,cellpose_specialized,46,0.4817587570710616,25
stardist,cellpose_specialized,47,0.5162225324999202,23
stardist,cellpose_specialized,48,0.6348231597380205,27
stardist,cellpose_specialized,49,0.5003118271177466,13
stardist,cellpose_specialized,5,0.6102087206461213,124
stardist,cellpose_specialized,50,0.5809094865213741,27
stardist,cellpose_specialized,51,0.3085499060424891,6
stardist,cellpose_specialized,52,0.6089200865138661,22
stardist,cellpose_specialized,53,0.0984197195661677,5
stardist,cellpose_specialized,54,0.3636302758346904,11
stardist,cellpose_specialized,55,0.4891117160970514,27
stardist,cellpose_specialized,56,0.6004051918333227,25
stardist,cellpose_specialized,57,0.5680106309327212,40
stardist,cellpose_specialized,58,0.5745037008415569,17
stardist,cellpose_specialized,59,0.472648642279885,16
stardist,cellpose_specialized,6,0.6218311000954021,65
stardist,cellpose_specialized,60,0.3694706498221917,16
stardist,cellpose_specialized,61,0.2143611379645087,8
stardist,cellpose_specialized,62,0.6443335197188638,31
stardist,cellpose_specialized,63,0.5860302475365725,21
stardist,cellpose_specialized,64,0.3385325853120197,16
stardist,cellpose_specialized,65,0.5478672024539926,61
stardist,cellpose_specialized,66,0.3557890965179963,10
stardist,cellpose_specialized,67,0.424638417634097,10
stardist,cellpose_specialized,68,0.5102284306829626,24
stardist,cellpose_specialized,69,0.5837140733545477,16
stardist,cellpose_specialized,7,0.5376239540902051,151
stardist,cellpose_specialized,70,0.5443029512058605,37
stardist,cellpose_specialized,71,0.4541209502653642,23
stardist,cellpose_specialized,72,0.166305655486543,10
stardist,cellpose_specialized,73,0.5777792957696047,59
stardist,cellpose_specialized,74,0.4138722555203871,15
stardist,cellpose_specialized,75,0.4246721389618786,17
stardist,cellpose_specialized,76,0.6482974886894226,34
stardist,cellpose_specialized,77,0.5233331376856024,32
stardist,cellpose_specialized,78,0.5453485602682288,20
stardist,cellpose_specialized,79,0.632746390321038,49
stardist,cellpose_specialized,8,0.5827847238291394,77
stardist,cellpose_specialized,80,0.5515756932171908,31
stardist,cellpose_specialized,81,0.4416004365140741,22
stardist,cellpose_specialized,82,0.2643861845982345,14
stardist,cellpose_specialized,83,0.5052267854863947,28
stardist,cellpose_specialized,84,0.3452629670500755,9
stardist,cellpose_specialized,85,0.6155221543528817,32
stardist,cellpose_specialized,86,0.569280591878024,22
stardist,cellpose_specialized,87,0.3525332049889998,27
stardist,cellpose_specialized,88,0.5938580090349371,23
stardist,cellpose_specialized,9,0.6805933984843168,123
stardist,cellseg_blood,0,0.5983850232192448,11
stardist,cellseg_blood,1,0.5383490494319371,6
stardist,cellseg_blood,10,0.5427769805703845,19
stardist,cellseg_blood,100,0.551242895424366,18
stardist,cellseg_blood,101,0.6285535075834819,16
stardist,cellseg_blood,102,0.6599362918308803,12
stardist,cellseg_blood,103,0.633505357163293,27
stardist,cellseg_blood,104,0.6612733049052102,14
stardist,cellseg_blood,105,0.5650983303785324,11
stardist,cellseg_blood,106,0.5593030346291405,16
stardist,cellseg_blood,107,0.4909287552748407,10
stardist,cellseg_blood,108,0.5471327389989581,15
stardist,cellseg_blood,109,0.5570644502128873,12
stardist,cellseg_blood,11,0.7346855870315007,15
stardist,cellseg_blood,110,0.7076344319752285,11
stardist,cellseg_blood,111,0.562252368245806,20
stardist,cellseg_blood,112,0.6656781349863324,10
stardist,cellseg_blood,113,0.3671515839440482,20
stardist,cellseg_blood,114,0.300050787627697,11
stardist,cellseg_blood,115,0.4572122927222933,11
stardist,cellseg_blood,116,0.3854924206222807,15
stardist,cellseg_blood,117,0.3460113294422626,12
stardist,cellseg_blood,118,0.2652454397508076,17
stardist,cellseg_blood,119,0.3811256821666445,17
stardist,cellseg_blood,12,0.5151733053582055,20
stardist,cellseg_blood,120,0.3917386723416192,31
stardist,cellseg_blood,121,0.4282781747835023,22
stardist,cellseg_blood,122,0.3743064999580383,16
stardist,cellseg_blood,123,0.2441523931920528,9
stardist,cellseg_blood,124,0.154342117320214,10
stardist,cellseg_blood,125,0.431761021060603,12
stardist,cellseg_blood,126,0.4036970053400312,13
stardist,cellseg_blood,127,0.4783073684998921,27
stardist,cellseg_blood,128,0.5452526115945407,16
stardist,cellseg_blood,129,0.3202716947666236,16
stardist,cellseg_blood,13,0.4715922496148518,16
stardist,cellseg_blood,130,0.5568362921476364,29
stardist,cellseg_blood,131,0.6863821255309241,13
stardist,cellseg_blood,132,0.4844528543097632,5
stardist,cellseg_blood,133,0.5621947305543082,9
stardist,cellseg_blood,134,0.5539528323071343,5
stardist,cellseg_blood,135,0.6995743811130524,16
stardist,cellseg_blood,136,0.6939154352460589,18
stardist,cellseg_blood,137,0.629142028944833,11
stardist,cellseg_blood,138,0.6459424091236932,5
stardist,cellseg_blood,14,0.4001798262553556,7
stardist,cellseg_blood,15,0.7587854010718209,21
stardist,cellseg_blood,16,0.2201538245592798,14
stardist,cellseg_blood,17,0.2410029625254018,18
stardist,cellseg_blood,18,0.4980194898588316,16
stardist,cellseg_blood,19,0.2737002447247505,12
stardist,cellseg_blood,2,0.6710268620933805,8
stardist,cellseg_blood,20,0.5463782602122852,25
stardist,cellseg_blood,21,0.4947675392031669,15
stardist,cellseg_blood,22,0.6237169397728783,22
stardist,cellseg_blood,23,0.4683803362505777,29
stardist,cellseg_blood,24,0.5759856892483575,15
stardist,cellseg_blood,25,0.368856527443443,25
stardist,cellseg_blood,26,0.3015074245631695,3
stardist,cellseg_blood,27,0.4119652658700943,11
stardist,cellseg_blood,28,0.4721015734331948,17
stardist,cellseg_blood,29,0.6274444333144596,26
stardist,cellseg_blood,3,0.4253140219620296,10
stardist,cellseg_blood,30,0.4538824941430773,10
stardist,cellseg_blood,31,0.2909334908638681,24
stardist,cellseg_blood,32,0.4444258351411138,16
stardist,cellseg_blood,33,0.6870911249092647,5
stardist,cellseg_blood,34,0.4586016461253166,18
stardist,cellseg_blood,35,0.6003775724342891,26
stardist,cellseg_blood,36,0.4921893520014627,29
stardist,cellseg_blood,37,0.3131152125341551,11
stardist,cellseg_blood,38,0.7192894688674382,21
stardist,cellseg_blood,39,0.488197879067489,12
stardist,cellseg_blood,4,0.1831429270761353,12
stardist,cellseg_blood,40,0.3933021468775613,17
stardist,cellseg_blood,41,0.6714224815368652,19
stardist,cellseg_blood,42,0.4712110885551998,7
stardist,cellseg_blood,43,0.5342681386641094,22
stardist,cellseg_blood,44,0.6524911671876907,26
stardist,cellseg_blood,45,0.6610617211886815,11
stardist,cellseg_blood,46,0.6869006433657238,18
stardist,cellseg_blood,47,0.7077328264713287,16
stardist,cellseg_blood,48,0.6491307105336871,18
stardist,cellseg_blood,49,0.7236503852265221,31
stardist,cellseg_blood,5,0.1573706546000071,11
stardist,cellseg_blood,50,0.4687892528516905,21
stardist,cellseg_blood,51,0.5320112737161773,18
stardist,cellseg_blood,52,0.7531495775495257,18
stardist,cellseg_blood,53,0.3401878800775323,14
stardist,cellseg_blood,54,0.6771076811211449,9
stardist,cellseg_blood,55,0.3303471146417515,19
stardist,cellseg_blood,56,0.5215677576405662,24
stardist,cellseg_blood,57,0.2786164746752807,9
stardist,cellseg_blood,58,0.351108763899122,16
stardist,cellseg_blood,59,0.3053770469767706,20
stardist,cellseg_blood,6,0.6485404861824853,19
stardist,cellseg_blood,60,0.4384720996022224,25
stardist,cellseg_blood,61,0.2415966120149408,19
stardist,cellseg_blood,62,0.5013363201703344,20
stardist,cellseg_blood,63,0.4956051792417253,19
stardist,cellseg_blood,64,0.4303225539624691,12
stardist,cellseg_blood,65,0.6176976646695819,28
stardist,cellseg_blood,66,0.3734613082238606,27
stardist,cellseg_blood,67,0.2370537423661776,18
stardist,cellseg_blood,68,0.5980753387723651,15
stardist,cellseg_blood,69,0.6382118527378354,8
stardist,cellseg_blood,7,0.2270026172378233,8
stardist,cellseg_blood,70,0.2232098739062036,15
stardist,cellseg_blood,71,0.1931703996046313,6
stardist,cellseg_blood,72,0.6368520579167775,22
stardist,cellseg_blood,73,0.3880160440291677,26
stardist,cellseg_blood,74,0.4761481881141662,18
stardist,cellseg_blood,75,0.4177395052143505,19
stardist,cellseg_blood,76,0.6051592507532665,11
stardist,cellseg_blood,77,0.5923632362059185,13
stardist,cellseg_blood,78,0.5908607052905219,25
stardist,cellseg_blood,79,0.7702450645821435,27
stardist,cellseg_blood,8,0.3885806192244802,14
stardist,cellseg_blood,80,0.7773747571877071,10
stardist,cellseg_blood,81,0.7896259384495872,25
stardist,cellseg_blood,82,0.7066463657787868,16
stardist,cellseg_blood,83,0.5282244618449893,24
stardist,cellseg_blood,84,0.5685192995837757,25
stardist,cellseg_blood,85,0.7341442768062864,7
stardist,cellseg_blood,86,0.6169568268316132,6
stardist,cellseg_blood,87,0.6597251200250217,3
stardist,cellseg_blood,88,0.678537375160626,21
stardist,cellseg_blood,89,0.4959934619920594,24
stardist,cellseg_blood,9,0.5330900624394417,17
stardist,cellseg_blood,90,0.7355457523039409,11
stardist,cellseg_blood,91,0.4230069230709757,9
stardist,cellseg_blood,92,0.6310908368655613,12
stardist,cellseg_blood,93,0.7496159289564405,6
stardist,cellseg_blood,94,0.7081763531480517,13
stardist,cellseg_blood,95,0.7007059284618923,13
stardist,cellseg_blood,96,0.6513584681919643,17
stardist,cellseg_blood,97,0.7166378370353154,20
stardist,cellseg_blood,98,0.5239538380077907,16
stardist,cellseg_blood,99,0.5112624636718205,14
stardist,deepbacs_rod_brightfield,0,0.6222646514574687,68
stardist,deepbacs_rod_brightfield,1,0.7331779797871908,85
stardist,deepbacs_rod_brightfield,10,0.7927564342816671,135
stardist,deepbacs_rod_brightfield,11,0.5874549369017283,43
stardist,deepbacs_rod_brightfield,12,0.6761519134044647,58
stardist,deepbacs_rod_brightfield,13,0.7891473531723022,78
stardist,deepbacs_rod_brightfield,14,0.8166975935300191,90
stardist,deepbacs_rod_brightfield,15,0.7206686735153198,69
stardist,deepbacs_rod_brightfield,16,0.6690802236398061,54
stardist,deepbacs_rod_brightfield,17,0.757887194554011,93
stardist,deepbacs_rod_brightfield,18,0.7120639463265737,106
stardist,deepbacs_rod_brightfield,2,0.7314768513043721,52
stardist,deepbacs_rod_brightfield,3,0.794097363948822,96
stardist,deepbacs_rod_brightfield,4,0.7269340475400289,68
stardist,deepbacs_rod_brightfield,5,0.73612459897995,63
stardist,deepbacs_rod_brightfield,6,0.723177045583725,76
stardist,deepbacs_rod_brightfield,7,0.7260465582211812,78
stardist,deepbacs_rod_brightfield,8,0.7841142614682516,98
stardist,deepbacs_rod_brightfield,9,0.7532719552516938,124
stardist,deepbacs_rod_fluorescence,0,0.1882265858352184,28
stardist,deepbacs_rod_fluorescence,1,0.3788921803236008,116
stardist,deepbacs_rod_fluorescence,10,0.4686168387532234,118
stardist,deepbacs_rod_fluorescence,11,0.2522294595837593,32
stardist,deepbacs_rod_fluorescence,12,0.529993349313736,146
stardist,deepbacs_rod_fluorescence,13,0.48879399523139,24
stardist,deepbacs_rod_fluorescence,14,0.4780465349555015,28
stardist,deepbacs_rod_fluorescence,15,0.4969585984945297,28
stardist,deepbacs_rod_fluorescence,16,0.6251453906297684,33
stardist,deepbacs_rod_fluorescence,17,0.4688068628311157,41
stardist,deepbacs_rod_fluorescence,18,0.4956416487693786,53
stardist,deepbacs_rod_fluorescence,19,0.6374494463205338,58
stardist,deepbacs_rod_fluorescence,2,0.3817276306450367,23
stardist,deepbacs_rod_fluorescence,20,0.6619687020778656,67
stardist,deepbacs_rod_fluorescence,21,0.3760170608758926,84
stardist,deepbacs_rod_fluorescence,22,0.3299864038825035,36
stardist,deepbacs_rod_fluorescence,23,0.5203345030546188,100
stardist,deepbacs_rod_fluorescence,24,0.2930909521877766,21
stardist,deepbacs_rod_fluorescence,25,0.3816192604601383,27
stardist,deepbacs_rod_fluorescence,26,0.3872156158089638,31
stardist,deepbacs_rod_fluorescence,27,0.6293989419937134,35
stardist,deepbacs_rod_fluorescence,28,0.3364437371492386,46
stardist,deepbacs_rod_fluorescence,29,0.583231297135353,59
stardist,deepbacs_rod_fluorescence,3,0.3157512955367565,29
stardist,deepbacs_rod_fluorescence,30,0.6572898209095002,78
stardist,deepbacs_rod_fluorescence,31,0.4802495360374451,96
stardist,deepbacs_rod_fluorescence,32,0.6087332755327225,117
stardist,deepbacs_rod_fluorescence,33,0.3476234465837479,39
stardist,deepbacs_rod_fluorescence,34,0.4499869108200073,150
stardist,deepbacs_rod_fluorescence,35,0.3411442667245865,13
stardist,deepbacs_rod_fluorescence,36,0.2968337424099445,16
stardist,deepbacs_rod_fluorescence,37,0.0277718267403542,23
stardist,deepbacs_rod_fluorescence,38,0.2512074634432792,25
stardist,deepbacs_rod_fluorescence,39,0.461406934261322,32
stardist,deepbacs_rod_fluorescence,4,0.281307652592659,36
stardist,deepbacs_rod_fluorescence,40,0.3138035416603088,38
stardist,deepbacs_rod_fluorescence,41,0.3546625763177872,42
stardist,deepbacs_rod_fluorescence,42,0.4776017874479293,50
stardist,deepbacs_rod_fluorescence,43,0.6263930380344391,68
stardist,deepbacs_rod_fluorescence,44,0.3482795670628548,43
stardist,deepbacs_rod_fluorescence,45,0.5619284540414811,80
stardist,deepbacs_rod_fluorescence,46,0.2891201145946979,21
stardist,deepbacs_rod_fluorescence,47,0.385906271636486,25
stardist,deepbacs_rod_fluorescence,48,0.3989848509430885,28
stardist,deepbacs_rod_fluorescence,49,0.6120602011680603,34
stardist,deepbacs_rod_fluorescence,5,0.3717868223786354,48
stardist,deepbacs_rod_fluorescence,50,0.3082342192530632,45
stardist,deepbacs_rod_fluorescence,51,0.3983360633254051,53
stardist,deepbacs_rod_fluorescence,52,0.546309344470501,63
stardist,deepbacs_rod_fluorescence,53,0.4895058244466782,73
stardist,deepbacs_rod_fluorescence,54,0.3345333218574524,87
stardist,deepbacs_rod_fluorescence,55,0.3712932035326958,50
stardist,deepbacs_rod_fluorescence,56,0.3336597204208374,104
stardist,deepbacs_rod_fluorescence,57,0.1790679845958948,19
stardist,deepbacs_rod_fluorescence,58,0.1543138682842254,23
stardist,deepbacs_rod_fluorescence,59,0.2676536045968533,26
stardist,deepbacs_rod_fluorescence,6,0.4821601867675781,53
stardist,deepbacs_rod_fluorescence,60,0.1990839228034019,32
stardist,deepbacs_rod_fluorescence,61,0.468583507835865,37
stardist,deepbacs_rod_fluorescence,62,0.2979263365268707,48
stardist,deepbacs_rod_fluorescence,63,0.2960261091589927,61
stardist,deepbacs_rod_fluorescence,64,0.4862533867359161,74
stardist,deepbacs_rod_fluorescence,65,0.4804329261183738,94
stardist,deepbacs_rod_fluorescence,66,0.3911322176456451,60
stardist,deepbacs_rod_fluorescence,67,0.3206330642104149,112
stardist,deepbacs_rod_fluorescence,68,0.3602994453161955,16
stardist,deepbacs_rod_fluorescence,69,0.3555210828781128,18
stardist,deepbacs_rod_fluorescence,7,0.3815614104270935,63
stardist,deepbacs_rod_fluorescence,70,0.3950131446123123,22
stardist,deepbacs_rod_fluorescence,71,0.3601920738816261,29
stardist,deepbacs_rod_fluorescence,72,0.2029326625168323,33
stardist,deepbacs_rod_fluorescence,73,0.3050401106476784,37
stardist,deepbacs_rod_fluorescence,74,0.436714668571949,47
stardist,deepbacs_rod_fluorescence,75,0.3321401953697204,58
stardist,deepbacs_rod_fluorescence,76,0.3626209765672684,65
stardist,deepbacs_rod_fluorescence,77,0.4365039721131324,72
stardist,deepbacs_rod_fluorescence,78,0.3958171129226684,72
stardist,deepbacs_rod_fluorescence,79,0.3568349912762641,91
stardist,deepbacs_rod_fluorescence,8,0.4951487749814987,72
stardist,deepbacs_rod_fluorescence,9,0.6650425136089325,97
stardist,dsb2018_stardist,0,0.2458800216950476,27
stardist,dsb2018_stardist,104,0.3175973892956972,21
stardist,dsb2018_stardist,111,0.6321664547920227,138
stardist,dsb2018_stardist,113,0.5085186206176877,24
stardist,dsb2018_stardist,122,0.6161942321062088,133
stardist,dsb2018_stardist,124,0.3771950198709964,16
stardist,dsb2018_stardist,128,0.6950021603703499,70
stardist,dsb2018_stardist,132,0.5534057239443064,23
stardist,dsb2018_stardist,133,0.3789176248200238,79
stardist,dsb2018_stardist,144,0.3890030934754759,8
stardist,dsb2018_stardist,147,0.3678095192182809,25
stardist,dsb2018_stardist,149,0.2908156369673088,65
stardist,dsb2018_stardist,154,0.3830451743304729,18
stardist,dsb2018_stardist,155,0.2797732517961412,49
stardist,dsb2018_stardist,158,0.5193540593050421,27
stardist,dsb2018_stardist,161,0.3776415458321571,36
stardist,dsb2018_stardist,162,0.5743153052777052,31
stardist,dsb2018_stardist,163,0.5323515482246876,32
stardist,dsb2018_stardist,166,0.3772154099121689,16
stardist,dsb2018_stardist,169,0.3668029549624771,19
stardist,dsb2018_stardist,170,0.4135391755215823,27
stardist,dsb2018_stardist,181,0.5874524024128914,25
stardist,dsb2018_stardist,183,0.4282511351071298,20
stardist,dsb2018_stardist,197,0.692926020026207,206
stardist,dsb2018_stardist,20,0.4884890912473201,28
stardist,dsb2018_stardist,204,0.2361184044228866,35
stardist,dsb2018_stardist,207,0.6480863240361213,44
stardist,dsb2018_stardist,215,0.4366606277041137,49
stardist,dsb2018_stardist,222,0.5319149385392666,36
stardist,dsb2018_stardist,226,0.6738907663524151,20
stardist,dsb2018_stardist,227,0.5360760524868965,20
stardist,dsb2018_stardist,229,0.3644461253937334,10
stardist,dsb2018_stardist,241,0.2625542197073809,9
stardist,dsb2018_stardist,244,0.3529451189469546,12
stardist,dsb2018_stardist,248,0.5746371990442276,147
stardist,dsb2018_stardist,250,0.4961805380135775,168
stardist,dsb2018_stardist,252,0.2787165822740644,15
stardist,dsb2018_stardist,258,0.4637496279878542,132
stardist,dsb2018_stardist,260,0.2455543423217022,20
stardist,dsb2018_stardist,261,0.4161297732591629,44
stardist,dsb2018_stardist,266,0.3229942913691047,42
stardist,dsb2018_stardist,272,0.3134982796758413,31
stardist,dsb2018_stardist,276,0.6437091076374054,53
stardist,dsb2018_stardist,278,0.3924074844270944,10
stardist,dsb2018_stardist,280,0.352790395040065,10
stardist,dsb2018_stardist,282,0.6178604179620742,124
stardist,dsb2018_stardist,286,0.4549231130257249,65
stardist,dsb2018_stardist,290,0.6535629087686539,141
stardist,dsb2018_stardist,294,0.5885910151153803,23
stardist,dsb2018_stardist,298,0.4587029643822461,22
stardist,dsb2018_stardist,300,0.6505121309310198,29
stardist,dsb2018_stardist,305,0.3910615768935531,24
stardist,dsb2018_stardist,308,0.3846889331843704,17
stardist,dsb2018_stardist,31,0.3289165491238236,10
stardist,dsb2018_stardist,312,0.4212405717745423,16
stardist,dsb2018_stardist,313,0.6301333558559418,90
stardist,dsb2018_stardist,316,0.3920089300908148,21
stardist,dsb2018_stardist,32,0.4162872433103621,17
stardist,dsb2018_stardist,320,0.7744500464200974,27
stardist,dsb2018_stardist,327,0.410699946405366,17
stardist,dsb2018_stardist,342,0.3615644171088934,52
stardist,dsb2018_stardist,350,0.2802533109672367,58
stardist,dsb2018_stardist,360,0.366829780433327,12
stardist,dsb2018_stardist,361,0.4138630397059023,10
stardist,dsb2018_stardist,363,0.3369943423196673,8
stardist,dsb2018_stardist,368,0.6709810596704483,28
stardist,dsb2018_stardist,37,0.180546555891633,11
stardist,dsb2018_stardist,372,0.4708743763715028,29
stardist,dsb2018_stardist,373,0.3999714765883982,24
stardist,dsb2018_stardist,385,0.2186396252177655,30
stardist,dsb2018_stardist,386,0.3985537383705377,21
stardist,dsb2018_stardist,388,0.418393030418083,80
stardist,dsb2018_stardist,391,0.2113933771196753,21
stardist,dsb2018_stardist,396,0.4960942607093602,29
stardist,dsb2018_stardist,401,0.3882265817560255,11
stardist,dsb2018_stardist,402,0.5503607332706452,150
stardist,dsb2018_stardist,403,0.3122012829408049,47
stardist,dsb2018_stardist,409,0.6285867062211037,120
stardist,dsb2018_stardist,41,0.5310608280450105,157
stardist,dsb2018_stardist,414,0.5161945663020014,28
stardist,dsb2018_stardist,415,0.3402435027156025,12
stardist,dsb2018_stardist,419,0.3312621696293354,9
stardist,dsb2018_stardist,421,0.4535625709593296,47
stardist,dsb2018_stardist,424,0.4142080978956073,12
stardist,dsb2018_stardist,430,0.3778925652243197,11
stardist,dsb2018_stardist,432,0.455611424446106,57
stardist,dsb2018_stardist,435,0.7580601209402085,25
stardist,dsb2018_stardist,446,0.4036583185847848,13
stardist,dsb2018_stardist,46,0.4827333761006593,23
stardist,dsb2018_stardist,47,0.4184459685720503,66
stardist,dsb2018_stardist,48,0.578492761105299,136
stardist,dsb2018_stardist,50,0.3753539185225963,14
stardist,dsb2018_stardist,51,0.4195203999057412,10
stardist,dsb2018_stardist,55,0.5890200792998076,31
stardist,dsb2018_stardist,63,0.2760482162982225,54
stardist,dsb2018_stardist,7,0.41983248449862,17
stardist,dsb2018_stardist,71,0.5981565153598786,22
stardist,dsb2018_stardist,72,0.2774275756953284,55
stardist,dsb2018_stardist,75,0.3754869297239929,11
stardist,dsb2018_stardist,97,0.3971542145684361,51
